filename,char_count,success,latency_ms,flagged_additives,extracted_text_snippet
1916f761-eab8-4ca2-9bfe-5d414e31dcfc.jpeg,204,True,32203.3,Clean / None,3 3 { 8 1 5 M 1 L H 2 1 8 H [ 1 2 8 8 3  1 8 1 1 } 1 L L 0 8 { 1 8 L 1 1 H L 2 } H H | } [ h } 1 1 H} Dh P 4 0 1 { 1 2 H
20260919_155739.jpg,1615,True,40933.6,Tartrazine (FD&C Yellow 5) (E102); Sunset Yellow FCF (FD&C Yellow 6) (E110); Erythrosine (FD&C Red 3) (E127),Diciuly rider (9) Total Sugar (g) Total Protein (g) 4 2 Vitamin A 33% Vitamin € 0% Calcium O% Iron 0% 'Percent REVRNI or
20260919_155742.jpg,1611,True,36152.0,Tartrazine (FD&C Yellow 5) (E102); Sunset Yellow FCF (FD&C Yellow 6) (E110); Erythrosine (FD&C Red 3) (E127); Unknown Compound (E620J),19/ Total Sugar (g) Total Protein (g) 4 2 Vitamin A 33% Vitamin € 0% Calcium 0% Iron 0%/ 'Percent REVRNI are based on 20
20260919_155829.jpg,387,True,58819.1,Clean / None,9 2 2 8 5 [ S 3 7 4 5 5 # ! 92 8 3 2 9 2 2 8 22 2 = 6 0 5 0 9 2 3 5 8 1 3 1 5 2 1 OF 4 804 61 2 5 3 8 3 ; e}l 5 9 293 3 
20260919_155833.jpg,374,True,71247.1,Clean / None,"2 45 # 3 3 5 0 { @KX 2 2 3 6 1 8 3 L 3 3 [ U ! 8 3 & 8 8 [ 2, 5 9144 23 1 1 1 28 8 2 8 3 2 8 2 2 2 2 5 IG@ 3 8 1 8 1 1 2"
20260919_155844.jpg,1668,True,72941.8,"Erythrosine (FD&C Red 3) (E127); Sodium, Potassium and Calcium Salts of Fatty Acids (E470a)",5 s Fnt utated Kal Iotol 0 Fat (g) Trans (mg) 2 (holesterol 390 (mg) Sodium Carbohydrates (g) 20 Totol [ Fiber (g) Dieta
20260919_155940.jpg,1516,True,62593.2,"Mono- and Diglycerides of Fatty Acids (E471); Lactic Acid (E270); Potassium Phosphates (E340); Sodium, Potassium and Calcium Salts of Fatty Acids (E470a); Sodium Stearoyl Lactylate (SSL) (E481); Monosodium Glutamate (MSG) (E621); Dextrin (E1400)",Coconut Oil and Palm INGREDIENTS: of Oil Combination Powder; Dextrin; Vegetable Sugar; Choese Powder Creamer Sancheese M
20260919_155944.jpg,1685,True,67713.5,"Mono- and Diglycerides of Fatty Acids (E471); Tartrazine (FD&C Yellow 5) (E102); Citric Acid (E330); Potassium Phosphates (E340); Triphosphates (E451); Sodium, Potassium and Calcium Salts of Fatty Acids (E470a); Sodium Stearoyl Lactylate (SSL) (E481); Silicon Dioxide (Silica) (E551); Monosodium Glutamate (MSG) (E621); Dextrin (E1400)","Oil and Palm of Coconut Powder; Dextrin, EMGREDIENTS: Oil (combination Cheese Creamer Vegetable (Sugar Non-Dairy Powder "
20260919_160014.jpg,506,True,82908.9,Clean / None,8 8 6 'lHHHH lihx 1 H 1 V Ilz 2 8  5 07 1 { 1 1 | 1 9 H L HH H | 0 1 1 1 1 6 2 1 L 8 3 8 3 7 1 2 8 = 1 8 13 [ 1 17 M { 1
20260919_160218.jpg,373,True,71678.5,Clean / None,1 IQ 38 IH 2 1 1 w 1 3 2 U! 1 1 1 J# Mug Un K H 8 @ 5 I 0 | 8 HN E 5 8 @ 0 : 1 U 1 J 5 233 # < 1 1p 7 3 % 1 1 Hgk 1 2 ! 
20260919_160221.jpg,400,True,38538.5,Clean / None,IV 1 Q 38 IH L L @x 4 1 2 1 1 1 1 2 82 M 4 3 H 2 28 0 3 18 1 Vx 88 0 E 5 ; 1 1 3 U L 8 K 5' @ 0 1p 0 I H 1 K :0 { 288 2 
20260919_160248.jpg,1411,True,34679.8,Curcumin (E100); Sunset Yellow FCF (FD&C Yellow 6) (E110); Beta-Carotene (E160a); Annatto / Bixin / Norbixin (E160b); Silicon Dioxide (Silica) (E551),"INGREDIENTS: CORN; VEGETABLE OIL (PALM, SUNFLOWER, ANTIOXIDANT (TBHQJL  SEASONING (CHEESE POWDER (WHEY, CHEESE (CULTURED"
20260919_160255.jpg,1283,True,38850.7,Curcumin (E100); Sunset Yellow FCF (FD&C Yellow 6) (E110); Beta-Carotene (E160a); Annatto / Bixin / Norbixin (E160b); Tertiary-Butylhydroquinone (TBHQ) (E319); Silicon Dioxide (Silica) (E551),"doa INGREDIENTS: CORN; VEGETABLE OIL (PALM, SUNFLOWER, ANTIOXIDANT (TBHQ)I,  SEASONING  (CHEESE POWDER (WHEY, CHEESE (CU"
20260919_160351.jpg,3119,True,48766.2,"Tartrazine (FD&C Yellow 5) (E102); Sodium, Potassium and Calcium Salts of Fatty Acids (E470a); Silicon Dioxide (Silica) (E551); Monosodium Glutamate (MSG) (E621)",Tetdl eatbebe ate Dletary Fbcr Ae Syqare 09 Frctel <10 Vitamin A 307h Mtamia € 03 06 Cum 03 Ion 1 336 Miemin  01 02 335 
20260919_160353.jpg,3081,True,49260.8,"Sodium, Potassium and Calcium Salts of Fatty Acids (E470a); Silicon Dioxide (Silica) (E551); Monosodium Glutamate (MSG) (E621)",Tetel @arbehrdl Dielary Nber < Iq Suqare Fre casg MienhA 2074 Mtemi € 056 036 Lonuu 06 1 336 Mlemin] B1 B2 223 Miemin] 2
20260919_160543.jpg,2478,True,62476.1,Mono- and Diglycerides of Fatty Acids (E471); Disodium Inosinate (E631); Allura Red AC (FD&C Red 40) (E129); Brilliant Blue FCF (FD&C Blue 1) (E133); Titanium Dioxide (E171); Ascorbyl Palmitate (E304); Alpha-Tocopherol (Synthetic Vitamin E) (E307); Citric Acid (E330); Gum Arabic (Acacia Gum) (E414); Potassium Chloride (E508); Silicon Dioxide (Silica) (E551); Fatty Acids (Stearic / Palmitic / Oleic) (E570); Monosodium Glutamate (MSG) (E621); Disodium Guanylate (E627); Disodium 5'-Ribonucleotides (I+G) (E635),Just when you thought you had seen tasted every snack and imaginable comes Piattos! A along breakthrough in potalo snack
20260919_160547.jpg,2697,True,90622.2,Mono- and Diglycerides of Fatty Acids (E471); Disodium Inosinate (E631); Allura Red AC (FD&C Red 40) (E129); Brilliant Blue FCF (FD&C Blue 1) (E133); Lactic Acid (E270); Ascorbyl Palmitate (E304); Alpha-Tocopherol (Synthetic Vitamin E) (E307); Tertiary-Butylhydroquinone (TBHQ) (E319); Citric Acid (E330); Gum Arabic (Acacia Gum) (E414); Potassium Chloride (E508); Silicon Dioxide (Silica) (E551); Fatty Acids (Stearic / Palmitic / Oleic) (E570); Monosodium Glutamate (MSG) (E621); Disodium Guanylate (E627); Disodium 5'-Ribonucleotides (I+G) (E635),when you thought you had seen JJust and every snack imaginable tasted along Piattosl A breakthrough in potato comes snac
20260919_160626.jpg,1119,True,67009.9,Tartrazine (FD&C Yellow 5) (E102); Lactic Acid (E270); Citric Acid (E330); Monosodium Glutamate (MSG) (E621); Dextrin (E1400),"3553 BALL MiLESE FLAVORED Ingredients: Corn, Vegetable Oil (may contain Coconut Oil andlor Palm Oil) , Cheese Powder (Su"
20260919_160627.jpg,1116,True,35562.0,Lactic Acid (E270); Citric Acid (E330); Monosodium Glutamate (MSG) (E621),545ES3 BALL MEESE fCAVORED Iedients: Con Vegetable Oil (may contain Coconut Oil andlor Palm Oi) Cheese Powder (Sugar; Ch
20260919_160704.jpg,1752,True,37796.7,"Tartrazine (FD&C Yellow 5) (E102); Sunset Yellow FCF (FD&C Yellow 6) (E110); Paprika Extract (Capsanthin / Capsorubin) (E160c); Sodium, Potassium and Calcium Salts of Fatty Acids (E470a); Monosodium Glutamate (MSG) (E621); Unknown Compound (E821)",L 3 Calous Fat (g) Total_ Faf (g) Saturated Trans Fat (g) Cholesterol (mg) (mg) 264 Sodium Carbohydrates (g) 21 Total Di
20260919_160708.jpg,1773,True,34811.3,"Tartrazine (FD&C Yellow 5) (E102); Sunset Yellow FCF (FD&C Yellow 6) (E110); Paprika Extract (Capsanthin / Capsorubin) (E160c); Sodium, Potassium and Calcium Salts of Fatty Acids (E470a); Monosodium Glutamate (MSG) (E621)","Fol sfurated, Fal (g) Frons  (mg) 264 (holesterol  (mg) (g) 21 sodium (arbohydrates 0 Fotol = Fiber , (g) Dietory 5 Sugo"
20260919_160738.jpg,3024,True,43952.8,Monosodium Glutamate (MSG) (E621),Lnno C 0% Vitamin 27% Calcium 33% 25% 33% Iron B1 16% Vilamin 20% 82 20% Vlamin 83 13% Vilamin 20% 85 13% Vilamin 33% 86
20260919_160836.jpg,1526,True,36680.4,Silicon Dioxide (Silica) (E551); Monosodium Glutamate (MSG) (E621),"bal sallaua Blessed With US Be LET O, Hati- Knoinledge ! Hati Research Ko For Tayo SA SA'yo Sa History. Nump? Class . SA"
20260919_160840.jpg,1420,True,34956.9,Tertiary-Butylhydroquinone (TBHQ) (E319); Silicon Dioxide (Silica) (E551); Monosodium Glutamate (MSG) (E621),Neol = baha AAn  LET Us Be Blessed Knoinledge ! With 0 Hati Iayo Sa Research Ko Hati ! Hulpi Class _ Sa'yo Sa For Histon
20260919_160858.jpg,285,True,34126.3,Clean / None,Aetuucuo 4s opecul #sre 8 3  7 8l g 1 2 8L 1 804 3 2 H | g 1 8 [ 13 3 8 2 2 2 F H 1 1 I89 J Fe HH 041 1 #LA ZXHH U J 9 1
20260919_161000.jpg,1066,True,41677.7,"Lecithin (E322); Sodium, Potassium and Calcium Salts of Fatty Acids (E470a); Ammonium Carbonates (Baker's Ammonia) (E503); Unknown Compound (E502)",6227 COCAaS INGREDIENTS: Wheat Flour; Vegetable Shortening (Palm Oil and Coconut Oil): Chocolate Chips {Sugar; Cocoa Mas
20260919_161007.jpg,2014,True,39878.3,"Lecithin (E322); Diphosphates (Disodium Dihydrogen Diphosphate) (E450); Sodium, Potassium and Calcium Salts of Fatty Acids (E470a); Sodium Carbonates (Baking Soda) (E500); Ammonium Carbonates (Baker's Ammonia) (E503)","2 7e l 7222 NGrCDie7 3 104i Sybiadil Shortening %DV * Vncal ""REVRNI"" (Palm Oil and Coconut Oil), Chocolate Chips {Sugar;"
20260919_161115.jpg,373,True,45085.7,Clean / None,Ii% 8 II Iwig2 8 3 1 8 07 W ( # Elas 1 38 ( I 0T 0 7 1 2 1 0 I 3 6 6 I [ 56 5 [ 1 8 9 1 3 1 0 2 2 1 0 1 3 23 0 1 0 I 1 8
20260919_161119.jpg,843,True,86218.4,Clean / None,1 1 0 5 8 2 0 0 5 1 5 1 { 1  Dl 3 1 0 8 3 # 1 6 3 2 15 2 1 0 { ME 1 3 05 1 i9 5 8: 0 0 3 1 1 68 23 g I L 0 I 0 8 1 5 2 1
20260919_161123.jpg,769,True,111291.3,Clean / None,2 3 8 WF  V HH 1 8 1 Ze 3 H# 1 1 1 1 # 1 8 3 & 1 U 1 1 8 I J 1 H { { 1 1 # j: 3 % # | 1 [e4h94 4 2 6 3 1 8 1 %' H 2 # 1 
20260919_161240.jpg,421,True,75282.6,Clean / None,2 0 3 Real 2 Ii? 2 8 1 H 1 1 La0 h 1 Ha vol 1 1 #2 8ta 7 Le in 5089 E9 ' 0 O RXj44 5 &aua: 1 1 [ Hasaaaenn 2 j isctts L 
20260919_161244.jpg,703,True,53620.0,Clean / None,"5 6 5 8 8 2 8 2 8 9 0i BH 1 @ I 1 2 J Ii 2 I3 T0 1 4 1 (5 Lt Disci [ 80940 Sosamg 1 {S m Gsci"" Seesb J vol Scamo 1 H 7g "
20260919_161249.jpg,354,True,36264.0,Clean / None,"1 0 5 Ii 8 1 1 2 I 0 Ii 8 Ji 1 3 2 "" f L 1 J Fi 8 8 L Ea H"" : 1 8""06 3 H 1 H | 1 Escta[S Ai 1 Euuhs Soosb 1 H hvol G # I"
20260919_161342.jpg,911,True,33159.6,Lecithin (E322),"0jiy 7285 FIAT TOPS MILK CHOCOLATe INGREDIENTS: Buttermilk Vegetable Oil (Palm Kernel Powder, Sugar; Hydrogenated (Emuls"
20260919_162909.jpg,1772,True,41343.4,"Tartrazine (FD&C Yellow 5) (E102); Cellulose (Microcrystalline / Powdered) (E460); Sodium, Potassium and Calcium Salts of Fatty Acids (E470a); Monosodium Glutamate (MSG) (E621)","It'S So EASY! NOODLES E IN2 COOK Of Briskly BOILING For 3 MINUTES. REMOVE FromHeaT; IHENADD SEASONING, 70""270024 Like Mo"
20260919_162913.jpg,2169,True,48890.2,"Tartrazine (FD&C Yellow 5) (E102); Sodium, Potassium and Calcium Salts of Fatty Acids (E470a); Monosodium Glutamate (MSG) (E621)","DODLESt AOCy Oill MNUNES FROME IHeAT, TreMOvE Enard STASONING, 470""270024 Nutriti Serving Size No. of servings Amount Re"
20260919_162916.jpg,1664,True,71424.5,"Sodium, Potassium and Calcium Salts of Fatty Acids (E470a); Monosodium Glutamate (MSG) (E621)","It""$ S0 Easti coK NOOdlesM: oerisklvGolig For 3 MINUtES. REMOvEFROMNEAI IMENADO SEASONING. roozu Like Most Food Vou EnJo"
20260919_163014.jpg,2042,True,56464.5,"Butylated Hydroxyanisole (BHA) (E320); Butylated Hydroxytoluene (BHT) (E321); Sodium, Potassium and Calcium Salts of Fatty Acids (E470a); Silicon Dioxide (Silica) (E551); Sucralose (Splenda) (E955)",BIG VS: PREVIOUS PAC INGREDIENTS: WHEAT FLOUR VEGETABLE OIl [PaLM AntioXidaNTOBHQIUIOORED SALTE Sodiui acidit OODLES: (S
20260919_163017.jpg,2086,True,71426.7,"Beta-Carotene (E160a); Alpha-Tocopherol (Synthetic Vitamin E) (E307); Tertiary-Butylhydroquinone (TBHQ) (E319); Butylated Hydroxyanisole (BHA) (E320); Butylated Hydroxytoluene (BHT) (E321); Xanthan Gum (E415); Sodium, Potassium and Calcium Salts of Fatty Acids (E470a); Silicon Dioxide (Silica) (E551); Monosodium Glutamate (MSG) (E621)","6 Ns PREVIOUS PACK ENtS: ATAOOSPVGETABDioM (Pam ANTioXidaNT (TBHQiL Iodized SALT, ACIDI  REGULATORS Guar Guosphth, Aoguu"
20260919_163020.jpg,1119,True,92336.8,"Alpha-Tocopherol (Synthetic Vitamin E) (E307); Tertiary-Butylhydroquinone (TBHQ) (E319); Butylated Hydroxyanisole (BHA) (E320); Butylated Hydroxytoluene (BHT) (E321); Sodium, Potassium and Calcium Salts of Fatty Acids (E470a)","Dottnt @DI VS, PREVIOUS PACK TNTOXIDANT (TBHQ)l, IODIZED SALT, ACIDITY REGULATORS Pophosphate, CSOts PotaSSIUM CARBONATE"
20260919_163022.jpg,1532,True,82266.3,Butylated Hydroxytoluene (BHT) (E321); Guar Gum (E412); Silicon Dioxide (Silica) (E551); Sucralose (Splenda) (E955),A BiG VS PREVIC INGREDIENTS: Roones-HHEAT rlour VEGETABLE Oil IRalm AntioxidaNT (Iehoil iodvid sAl Soctnhexanetaphosphat
20260919_163055.jpg,823,True,42475.9,Clean / None,"Daily Value INGREDIENTS: MECHANICALLY SEPARATED cHIcKeh; (HICKEN BROTh; WATER;, (ONTANS LESS 0% THAH 2% OF: SALt; SpIces"
20260919_163137.jpg,306,True,42019.7,Disodium 5'-Ribonucleotides (I+G) (E635),1 { 8 8 Iez 2 8 @ 2 1 0 ! 2 1 3 0  1 3 2 8 3 2 8 3 8 6 3 5 8 8 3 JM B 0 U 1 1 {2 Hl 2 2 J 2 2 2 0 M] g Jl 2 ] 2 JuHpu 8 
20260919_163149.jpg,282,True,38490.0,Clean / None,= 8 3 1 41 1 8 8 22 I4Z 8 0 1 8 8 L h 3 2 0 6 Hi ! 6 4 E 1 6 08 1 5 8 1 0 Hl 0 L E H 1 9 8 H I ; # Ti JH_ [ 6 H 8 1 6 ] 
20260919_163204.jpg,2366,True,50351.8,"Sodium Nitrite (E250); Sodium, Potassium and Calcium Salts of Fatty Acids (E470a); Monosodium Glutamate (MSG) (E621)","NUTRITION INFORMATION Serving aize 58g Servlngs per containeraboul Amount per Serving Ireiirni"" calorles 74 Calorles fro"
20260919_163250.jpg,1751,True,41373.5,"Lycopene (E160d); Sodium, Potassium and Calcium Salts of Fatty Acids (E470a)","Nutritien Facts Serving Size: 1 Tbsp (13g) Servings per Containe Amount Per Gerving EVRNI"" Energy (koel 12 <2% Total Fat"
20260919_163341.jpg,1758,True,57264.0,"Calcium Carbonate (E170); Cellulose (Microcrystalline / Powdered) (E460); Sodium, Potassium and Calcium Salts of Fatty Acids (E470a)","Nutrition rael Serving Size: 209 No % Scwvings Rer Pack; 2 Amount Per Senving ~Krevrmi Energy kcal 88 1405 Fal 3,4 Satur"
20260919_163345.jpg,856,True,39467.9,"Sodium, Potassium and Calcium Salts of Fatty Acids (E470a); Aspartame (E951)","Sareirni"" 4b% 80 34 0 03 0 124 81 034 0.2 19.79 FX 41 7J at 429 4290 Yelt Clsn JILNNe rservices@ph L nestle € com O Inau"
20260919_163347.jpg,52,True,29142.5,Clean / None,atoncennendecom Ieb 9 TN 40g Galaxy A55 5G Ae Vn 00g
20260919_163350.jpg,1895,True,42880.1,"Calcium Carbonate (E170); Sodium, Potassium and Calcium Salts of Fatty Acids (E470a); Fatty Acids (Stearic / Palmitic / Oleic) (E570); Aspartame (E951)","Nutritior Sciving Size: Z00 No; 0( Servings Per Pack: 2 Dreirni: Amount Per Serving kcal 88 3486 Energy 3.4 Fal 3,1 Salu"
20260919_163454.jpg,2165,True,84182.9,Clean / None,KOPIKO Toel Fa Satreed F4 Trons Fa Brown Coffee Brchoresterd' Total Dety Fte Catedrete 82 0 Skn 480 Teid v536768274 Yo D
20260919_163456.jpg,1652,True,101321.3,Clean / None,3 F 3 TaelFy SatralFv Fa Chalentarei KOPIKO Browb Coffee RaCahto7 Duaat 80v Toy 543 Fa Du O A F Voutja suagastin seninu 
20260919_163522.jpg,1943,True,94531.0,"Sodium, Potassium and Calcium Salts of Fatty Acids (E470a)",Re 582 8e 8 19 7 care 2T de depenng KOPIKO Brown Coffee serving suggeston sia. JUST RIGHT BLEND coffee mix MAYORA Prtred
20260919_163600.jpg,1829,True,73396.8,"Mono- and Diglycerides of Fatty Acids (E471); Diacetyl Tartaric Acid Esters of Mono- and Diglycerides (DATEM) (E472e); Beta-Carotene (E160a); Tartaric Acid (E334); Triphosphates (E451); Sodium, Potassium and Calcium Salts of Fatty Acids (E470a); Fatty Acids (Stearic / Palmitic / Oleic) (E570); Aspartame (E951)","Entoy the Sar Leg 54 Straat Surey ) Em into a Vate Mig San Cofree Super Origual Iplaunal Ingredients: Sugar, Non-Dairy C"
20260919_163602.jpg,1807,True,56473.6,"Mono- and Diglycerides of Fatty Acids (E471); Diacetyl Tartaric Acid Esters of Mono- and Diglycerides (DATEM) (E472e); Beta-Carotene (E160a); Tartaric Acid (E334); Triphosphates (E451); Sodium, Potassium and Calcium Salts of Fatty Acids (E470a); Fatty Acids (Stearic / Palmitic / Oleic) (E570); Aspartame (E951)","Enjoy tne Sar_Lg &0 Stnaat Surery) Em Into & wata Mig San Cofree Super Oreaial Halnal Ingredients: Sugar, Non-Dairy Crea"
20260919_163724.jpg,1328,True,38486.1,Clean / None,LaPy Lod Hilk Aid podo Cocoa E  d Things 1ergy the ENERGY FROM Malte NATURAL GOODNESS  Barley Daa Fa4 MEREDES dricupat] 
20260919_163728.jpg,1937,True,48680.5,Calcium Carbonate (E170); Unknown Compound (E738),Lil Milk ood 1oOml = 0i Cocoa Add= Wami Katcr and cnjoy seryungjud bod mnings 5 Energy THE ENERCY from Mky nio cop.ph NA
20260919_163731.jpg,1957,True,70728.7,Calcium Carbonate (E170),"EaSy bOD Milk Add"" 1oOml = 0f Cocoa Kann Watcr and enjoy (senilg asuggestion] d Things nergy THE ENERCY From Malt Barley"
30ebef82-e3fc-4c5f-b18d-6d93d5a700f9.jpeg,433,True,51474.2,Clean / None,0 8 a 8 6 1 1 HH [ 8 HRT 0 [ 1 J HNW 1 EA 3 1 7 1 2 5 TR 8 % M 1 9 j I2 { 8 # 23 J 0 g HFH 3 1 2 9 [ { 5 2 E 8 IBI g Hu 
42505fb2-bc19-4911-8a9f-d07d3b3ef4a7.jpeg,469,True,58715.2,Clean / None,E 0 8 3 6 1 HE 8 # 8 [L 8 HD 0 [ I Hu# 0 D 8 3 1 A8 [ 0 [ File 0 8 8 1 12 9 { 8 B [ 0 # 23 [ g 1X HW 8 7 1 { 8 9 8 1 g #
42dea73f-cc3e-41e7-923b-49c2538ab5ad.jpeg,680,True,45108.2,Gelatin (Gelatine) (E441); Lecithin (E322); Citric Acid (E330),~NLOn FROOF OF PUnG INGRedIents: SUGAR GLUCOSE WEGEISBLECFARICOCDNS Zinm-ADCocoNUI}; GELATIN AS GELLING AGENT TAMARIND P
6b2e9a9a-18c2-41e7-8966-56e2dae7d36a.jpeg,371,True,49253.2,Clean / None,8 { 8 H 1 HhU # 1 6 7 7 H 1 1 3 8  ME Li { 1 8 1 Fz 1 8 0 ! 9 V 2 0 F 1 0 W 0 1 V IN G 0 8 % ] 1 1 30 HHK 0 1 @ 3 K7 & H
748704d3-35cb-4172-9d5d-b54297afe4ca.jpeg,219,True,42402.0,Clean / None,"1 3 6 I K BU 2 1 1 8 5"" Hh { [ 8 Fi} 0 1 3 HE ! 02 8 k @u 3 j4 1 8 1 8 [ 3 i6 HD { 8 1 8 ! I 8 1 K# 4 3 H H 3 8 3 1 6 Im"
82b70d53-5ec5-409e-b182-e3d8fd2ddf48.jpeg,158,True,40946.9,Clean / None,8 8 8 2 8 888 4 6 I 8 VR 1 X 08 Hi % 88 { 1 1 } II 2 2 } 1 1 k 8 0 Hi 1 2 1 [2 388 4 8 8 1 3 8 6 ! 8 VH 1 X 0 Hi # 88 1 
b7d94d06-a65b-42a9-bd12-beda49df2659.jpeg,1887,True,48573.4,"Lecithin (E322); Sodium, Potassium and Calcium Salts of Fatty Acids (E470a)",U Fat; total saturated trans polyunsaturated monounsaturated_ Carbohydrate sugars_ Dietary Fibre Sodium 439 S 1729 1.99 
d7f38497-95a2-4a99-b685-6478a907012c (1).jpeg,197,True,31438.4,Clean / None,0 MM 1 U 1 I U H I 1 1 L I H 1 799 8 M H 1 28 L 8 % HRH 1 W @ 1 3 0 { 2 8 H L 0 6 1 I HL I | 1 0 Hh 9 0 0 U 1 H 1 1 u H 
d7f38497-95a2-4a99-b685-6478a907012c.jpeg,197,True,31464.2,Clean / None,0 MM 1 U 1 I U H I 1 1 L I H 1 799 8 M H 1 28 L 8 % HRH 1 W @ 1 3 0 { 2 8 H L 0 6 1 I HL I | 1 0 Hh 9 0 0 U 1 H 1 1 u H 
de4890ff-437c-4d2c-ada5-66407496898a.jpeg,1818,True,47491.3,"Lecithin (E322); Sodium, Potassium and Calcium Salts of Fatty Acids (E470a)",Uono polyunsaturated monounsaturated Carbohydrate sugars Dietary Fibre Sodium y 0g 0.4g 1Tg 1.5g 61g 18.7g 748g 10.0g 40
de4b8564-76e8-4eba-9bec-3f072593f9e1.jpeg,685,True,53101.9,Clean / None,6 3 < 0 2382 3 1 4 3 5 CO 3 HH 1 23 1 m EO 8 Ji 2 [ LL Mh 3 6 2 8 1 g 2 3 821 8 O Ii 2 ! HH 2 g 0 8 g 8a 3 08 9 3 1 { 3 
e39c040c-7c5c-48c8-9509-9f46d5336240.jpeg,245,True,52339.9,Clean / None,S0i 0 2 1 2 8 1 8 1 0 eeeg 0 3 3 I 8 1 2 130 4 1 5 1 G e g 9 8 1 0 2 E 1 @ 2 ] 1 3 0 8 3 8 5 1 0 8 3 1 8 8 2 0 2 2 g A S
f98294cc-9d67-45d2-8620-eaa55756c8f2.jpeg,116,True,43499.1,Clean / None,@ [ 8 1 8 1 8 8 00 1 ( [ 6 rel 8 SLM CREM BERRE F K 78 3 A @ 2 0 K 1 6 3 8 8 0 1 ( 6 6 Pel 8 BERRI  S; CREAM  K #  2
IMG_20260921_194747.jpg,1254,True,88641.7,Lecithin (E322),iytcuetgs added preservalives Iutala No  colornys = added No SERVING SUCGESTLON One spread Qu Dread @joy 15g Nuteua aenq
IMG_20260921_194847.jpg,2257,True,113592.2,"Sodium, Potassium and Calcium Salts of Fatty Acids (E470a); Silicon Dioxide (Silica) (E551)","Jeeoen useu under license SoTic, Heritage  Taurdled Fa Snacks & by Trans F Food Fal (c) 2025 Co, Ltd, Og Sunkist Cholest"
IMG_20260921_194946.jpg,2105,True,105714.6,Acetylated Distarch Adipate (E1422),"0eredibt8 Toctene Le Vcetk: Kn MpTD Bt: V 431E 6 Va 9 @ob DO SWEET CHILi SAUCE FOR CHICKEN T Ingredients; "" Suqar,' Wate"
IMG_20260921_195015.jpg,1066,True,97990.1,"Sodium, Potassium and Calcium Salts of Fatty Acids (E470a)","coodun Nutntton Iar kourt ' Facts Sire: 0 Sen: 8fi Nox "" serving"" 2 Snna Dcr cont: 14 (18% DV 9 D) calorie? slo%a ' 120,"
IMG_20260921_195052.jpg,1100,True,100468.1,Mono- and Diglycerides of Fatty Acids (E471); Lecithin (E322),"WORLDS #1 POTATO CHIP BRAND' Fion Ingredients: Potatoes 53%, Palm Olen Wheat Starch; Seasoring (Sugar Whey lodized Salt "
IMG_20260921_195202.jpg,1617,True,117995.9,"Plain Caramel (Caramel I) (E150a); Sodium Metabisulfite (E223); Sodium, Potassium and Calcium Salts of Fatty Acids (E470a)","TransFat Cholesterol (mg) Sodium (mg) 141 Total Carbohydrate (g) 27 4% Dietary Fiber (g) Sugars (g) 3 4% Protein (g) ""Pe"
IMG_20260921_195224.jpg,241,True,113765.7,Clean / None,2 8 4 J J 3 3 1 1 1 [ 5 6 9 1 1 0 1 { g 3 9 9 L 0 7 8 1 g I 4 L 2 g 1 1 3 2 3 8 3 9 ? 2 7 2 8 1 7 5 F 9 1 3 3 I 1 8 1 3 
IMG_20260921_195226.jpg,226,True,90184.7,Clean / None,1 1 0 } 1 3 1 1 0 5 1 [ 9 L I 0 1 1 1 8 4 1 1 1 0 9 1 L | 1 1 4 g 1 2 8 1 8 3 { 2 7 7 2 L L 1 0 9 1 1 2 } 1 8 1 'Vlal 1 
