split,image_name,class_id,class_name,bbox_x_center,bbox_y_center,bbox_width,bbox_height
train,102_png.rf.0c151bcad08574d8135c74a12422ac7a.jpg,8,Philippines3,0.5303356481481482,0.49824074074074076,0.9393287037037037,0.9964814814814815
train,102_png.rf.794c386a24b98e724a786adbab3dffe2.jpg,8,Philippines3,0.51796875,0.5234375,0.75,0.83125
train,102_png.rf.98be9cad64ad994d6222b19bdc73ba0e.jpg,8,Philippines3,0.4846875,0.5482552083333333,0.8501041666666668,0.9034895833333334
train,10_png.rf.1182c2a03ab3eff1731448a16a7ad840.jpg,7,Philippines2,0.503125,0.49375,0.73515625,0.79375
train,10_png.rf.4ea89cd8ca795c2c2d060725ab4b5039.jpg,7,Philippines2,0.5140972222222222,0.48256944444444444,0.7663541666666667,0.8228819444444444
train,10_png.rf.5949b3c72cacb285d03a97edf23a187f.jpg,7,Philippines2,0.47460069444444447,0.4833333333333334,0.9163888888888889,0.9285416666666666
train,12_png.rf.41256e2bcc4f72a2b0fbc65249df8800.jpg,8,Philippines3,0.5064814814814815,0.5231423611111111,0.863564814814815,0.934513888888889
train,12_png.rf.b9ae164f57e862906e5f2b59047752cc.jpg,8,Philippines3,0.515625,0.509375,0.7421875,0.82109375
train,12_png.rf.e8fdfb01b04ebb559c3bedb9f75436e9.jpg,8,Philippines3,0.51640625,0.5001620370370371,0.8234375,0.905949074074074
train,21_png.rf.428c2ee0a8919c7ea80349245e8af338.jpg,6,Philippines1,0.49765625,0.4984375,0.75078125,0.78125
train,21_png.rf.62bcb7d11cc239f5dbe20e4fa72d3435.jpg,6,Philippines1,0.5308854166666667,0.4947511574074074,0.8318750000000001,0.8120138888888888
train,21_png.rf.e337987d2ff22df5aef2b49c3966110c.jpg,6,Philippines1,0.5345775462962963,0.4836921296296296,0.8078703703703705,0.8034722222222221
train,22_png.rf.3a616fe6a8f52c41de5d7e2e3b1fd823.jpg,8,Philippines3,0.48686342592592596,0.4963946759259259,0.967789351851852,0.9863657407407407
train,22_png.rf.92822997287540668d590e747b1d62ae.jpg,8,Philippines3,0.5140625,0.515625,0.74765625,0.81171875
train,22_png.rf.ae9d75d40060493eb9073074c3ffab72.jpg,8,Philippines3,0.5339583333333333,0.5256944444444445,0.9307986111111111,0.9486111111111111
train,2_png.rf.3bcb933b00441bf67eab0c32a78c9256.jpg,7,Philippines2,0.503125,0.496875,0.73984375,0.80390625
train,2_png.rf.ca17ccee205f2e8b5e676b8906d8b41a.jpg,7,Philippines2,0.523654513888889,0.5088859953703704,0.9526909722222221,0.9822280092592592
train,2_png.rf.d63bdf61162264c6d16f26e5dc655eb4.jpg,7,Philippines2,0.4957523148148148,0.5125636574074074,0.8459606481481483,0.912175925925926
train,31_png.rf.18ef10399041c1bcc2b0af7d876a9106.jpg,6,Philippines1,0.4962847222222222,0.5237847222222223,0.9254513888888889,0.9455208333333334
train,31_png.rf.5a254aed316b8addfca607dbc48875fd.jpg,6,Philippines1,0.5037152777777777,0.5015625,0.8734837962962964,0.85
train,31_png.rf.8b23ef93b4a4091625d6c7f8faebd200.jpg,6,Philippines1,0.5,0.5015625,0.7703125,0.75078125
train,32_png.rf.79837ed306a57960ed99f3ee6d577338.jpg,8,Philippines3,0.48700231481481476,0.49902777777777774,0.9527083333333334,0.9963888888888889
train,32_png.rf.b5f14d6f2a872e8a7553e272c038704d.jpg,8,Philippines3,0.51953125,0.51875,0.75,0.81875
train,32_png.rf.fe1ba119b1d1d366047cd5da75ced4fe.jpg,8,Philippines3,0.5325868055555556,0.5017476851851852,0.8383333333333335,0.9055092592592592
train,41_png.rf.3a1d240c49f53d8efdbecd9072b6ff8b.jpg,6,Philippines1,0.5084375,0.4800810185185186,0.7934027777777779,0.8377083333333333
train,41_png.rf.5079de7b32f1dd5de6cec4a6c6e54495.jpg,6,Philippines1,0.5046875,0.50625,0.7609375,0.77109375
train,41_png.rf.e9bed5bc5f912117df4dffb31d547e8a.jpg,6,Philippines1,0.5337905092592592,0.49798032407407405,0.9324189814814815,0.9052662037037036
train,51_png.rf.14683153684c5be92117085f22ca6c04.jpg,6,Philippines1,0.46646412037037044,0.492650462962963,0.8725115740740741,0.8403240740740742
train,51_png.rf.6af1586030b5f71a70cbfb85c35bfd50.jpg,6,Philippines1,0.49609375,0.5,0.759375,0.765625
train,51_png.rf.7095bd0df3c7c269bd5b766c39c04455.jpg,6,Philippines1,0.48498263888888893,0.507349537037037,0.8035416666666666,0.8038310185185186
train,5_png.rf.1a2103c2e3987f9d19fb8cd866f27f87.jpg,7,Philippines2,0.50234375,0.5015625,0.75703125,0.80625
train,5_png.rf.d473b31efe9ea6bc767d187311cbd858.jpg,7,Philippines2,0.4831944444444445,0.5099565972222222,0.966388888888889,0.9800868055555556
train,5_png.rf.dcaafc9b1bc4eeaa43a470efeae1ee12.jpg,7,Philippines2,0.5320659722222223,0.4792361111111111,0.9160185185185185,0.9414583333333333
train,61_png.rf.2414408a516447450cf077fa13f683aa.jpg,6,Philippines1,0.49140625,0.49375,0.75703125,0.75078125
train,61_png.rf.5e42daf7be81be3f1e5121effb947323.jpg,6,Philippines1,0.4848842592592593,0.52578125,0.8323726851851851,0.86875
train,61_png.rf.5fc0112b8dbb76bd9208fe84060e0c4f.jpg,6,Philippines1,0.45843750000000005,0.49817129629629625,0.8479166666666667,0.7949537037037036
train,6_png.rf.10591e8960c6ea269585750e2a8d1b85.jpg,7,Philippines2,0.50078125,0.5024623842592593,0.9328125,0.9950752314814816
train,6_png.rf.d56475086ccdda6f2ce1e4404053f33e.jpg,7,Philippines2,0.527511574074074,0.5053935185185184,0.8259143518518519,0.8558217592592593
train,6_png.rf.ddb4d62ee508fda65fbe522100a7509b.jpg,7,Philippines2,0.4984375,0.490625,0.74921875,0.80703125
train,71_png.rf.eeceb225915e9276aa86b081b9e797cd.jpg,6,Philippines1,0.49921875,0.49765625,0.75390625,0.77265625
train,71_png.rf.f05a47d7b9303a96bdd27eede496f2df.jpg,6,Philippines1,0.5323958333333333,0.49765625,0.8994791666666666,0.859375
train,71_png.rf.f9b2f857cb56cc1c53de77511f4c20ee.jpg,6,Philippines1,0.5073726851851852,0.5222077546296297,0.9119560185185186,0.9555844907407407
train,72_png.rf.61c0fa3231f691ab030d83b1bb08c6d4.jpg,8,Philippines3,0.5556018518518518,0.5187615740740741,0.8785069444444445,0.8874189814814816
train,72_png.rf.ae746d7f2babd3b5bf599faa5e10f140.jpg,8,Philippines3,0.53046875,0.5125,0.76484375,0.8171875
train,72_png.rf.ba46718d38c021da7cda0faa31537f15.jpg,8,Philippines3,0.5114583333333333,0.49363425925925924,0.8104166666666666,0.8585648148148147
train,7_png.rf.88e61f79d4a44c5798464e07ce413fea.jpg,7,Philippines2,0.49012731481481486,0.5100983796296297,0.8079976851851851,0.8789930555555555
train,7_png.rf.8f965b8cb67a0e25a35a9a418f45c397.jpg,7,Philippines2,0.50390625,0.49140625,0.74140625,0.81171875
train,7_png.rf.a3e248de107101a8f19ef83d394fa60b.jpg,7,Philippines2,0.5200520833333333,0.47632233796296297,0.899375,0.9526446759259259
train,81_png.rf.35031139084e93f7df13dfaa845fa861.jpg,6,Philippines1,0.5178993055555556,0.519921875,0.9387847222222222,0.96015625
train,81_png.rf.4fc4d1c4a3d3e4e6a39535c31221f704.jpg,6,Philippines1,0.49453125,0.49140625,0.75546875,0.7671875
train,81_png.rf.e8ea3192500e10fe896d32ea77b75d34.jpg,6,Philippines1,0.5135127314814815,0.46205439814814814,0.8251736111111111,0.8533796296296297
train,82_png.rf.50de002f302657480f2f69b7ca5b7236.jpg,8,Philippines3,0.4992476851851852,0.49768229166666667,0.9692708333333334,0.9953645833333333
train,82_png.rf.69fbf01d6ae4c4e75d5bea586acf52c3.jpg,8,Philippines3,0.5224247685185185,0.48716145833333335,0.8888425925925926,0.9743229166666667
train,82_png.rf.cd342b3631a67a0a8eaf2d05fa19975f.jpg,8,Philippines3,0.51640625,0.509375,0.75546875,0.82578125
train,91_png.rf.3807b6860b3fa3856cbb51bc48074236.jpg,6,Philippines1,0.5068402777777778,0.5015625,0.7807523148148148,0.7765625
train,91_png.rf.a856c8ab696f5c50c02fff720594dad9.jpg,6,Philippines1,0.503125,0.5127430555555555,0.8,0.8193402777777777
train,91_png.rf.de663d2b03ed67a10704638598ae5087.jpg,6,Philippines1,0.503125,0.5015625,0.75,0.75078125
train,9_png.rf.3cc825731c01b80cc0eef7ef23c66170.jpg,7,Philippines2,0.50390625,0.49296875,0.73359375,0.796875
train,9_png.rf.413945637adfb014d8020b5a5720cbaa.jpg,7,Philippines2,0.4994791666666667,0.4810069444444444,0.8566782407407407,0.920451388888889
train,9_png.rf.a4176d34393c815827894e9bfeb1655a.jpg,7,Philippines2,0.531255787037037,0.5155381944444445,0.937488425925926,0.968923611111111
train,P113PH1A1_jpg.rf.1f425da40f103b329def4bb271f35cea.jpg,7,Philippines2,0.49917245370370367,0.5015625,0.9983449074074073,0.996875
train,P113PH1A1_jpg.rf.562bca17d14af81b92e457f7e7380bfe.jpg,7,Philippines2,0.4921875,0.5151273148148148,0.9625,0.9697453703703705
train,P113PH1A1_jpg.rf.61c7ebe5bb5ce67c0fcb1212f1f43379.jpg,7,Philippines2,0.49453125,0.52421875,0.8734375,0.90078125
train,P113PH1A2_jpg.rf.4f799a7d5d5a90128874551091533554.jpg,7,Philippines2,0.48671875,0.59296875,0.9265625,0.79765625
train,P113PH1A2_jpg.rf.e570c74a420a934e54f07999459719c8.jpg,7,Philippines2,0.5004456018518518,0.56015625,0.9991087962962963,0.8796875
train,P113PH1A2_jpg.rf.e7eab2aed83fe3e0ae7f3b53fad7a365.jpg,7,Philippines2,0.5065162037037036,0.5895254629629629,0.9774768518518518,0.820949074074074
train,P113PH1A3_jpg.rf.0e64594a4c19a8692a0855d9e2aac5e4.jpg,7,Philippines2,0.41203703703703703,0.554861111111111,0.8240740740740741,0.8902777777777778
train,P113PH1A3_jpg.rf.3844f4cf2febfe2e728e4e07e4caeabf.jpg,7,Philippines2,0.42760995370370375,0.5297743055555555,0.8525347222222223,0.9404513888888889
train,P113PH1A3_jpg.rf.3cafc5b4209e302c04ff5517e28dfc86.jpg,7,Philippines2,0.41796875,0.5578125,0.8046875,0.884375
train,P113PH1A4_jpg.rf.1dd75c6ba0be27b921e5500470dba685.jpg,7,Philippines2,0.56328125,0.5453125,0.76953125,0.909375
train,P113PH1A4_jpg.rf.6f398563ed15ccc92ce09c8b630c0d2e.jpg,7,Philippines2,0.5724652777777778,0.49467592592592596,0.8550694444444444,0.9893518518518519
train,P113PH1A4_jpg.rf.d9d5a7bd174ed286ed3d0b9406dace84.jpg,7,Philippines2,0.577199074074074,0.5171180555555556,0.8456018518518519,0.9590972222222222
train,P113PH1A5_jpg.rf.430a173726c855979e4e63092990ce98.jpg,7,Philippines2,0.5205729166666667,0.4996990740740741,0.9588541666666666,0.9993981481481482
train,P113PH1A5_jpg.rf.622801d1e925747ae0bfa286128dca5a.jpg,7,Philippines2,0.5302083333333333,0.5322916666666667,0.9395833333333334,0.9354166666666666
train,P113PH1A5_jpg.rf.f2259da368f2c33bfa0dec5700681c91.jpg,7,Philippines2,0.55,0.54296875,0.8625,0.8609375
train,P113PH1D_45_jpg.rf.42e052ab53779b7d9df3162bcd85f675.jpg,7,Philippines2,0.484375,0.58203125,0.940625,0.78828125
train,P113PH1D_45_jpg.rf.4dd50ed2b0673bded551b0b2df072948.jpg,7,Philippines2,0.4875,0.5863570601851852,0.9671875,0.8272858796296296
train,P113PH1D_45_jpg.rf.c50e61f45099b0dc63c474255f8eb1eb.jpg,7,Philippines2,0.49787037037037035,0.5359375,0.9957407407407407,0.928125
train,P113PH1D_90_jpg.rf.34a384e6724e592db3223bc13795ba22.jpg,7,Philippines2,0.5,0.5,1,1
train,P113PH1D_90_jpg.rf.9bf203eacbbf35e10542f1050ff75e0e.jpg,7,Philippines2,0.5026909722222223,0.5197685185185186,0.9946180555555555,0.9603935185185184
train,P113PH1D_90_jpg.rf.d97e257a4fe7e790c51f05138dec0550.jpg,7,Philippines2,0.49921875,0.5375,0.90546875,0.90390625
train,P113PH1L_45_jpg.rf.1cba02a11db1ce87931591b4a137aad7.jpg,7,Philippines2,0.49768518518518523,0.5291666666666667,0.9953703703703705,0.9416666666666667
train,P113PH1L_45_jpg.rf.a56b49fd68448fbae6b2fc22c794fbbb.jpg,7,Philippines2,0.4931712962962963,0.559837962962963,0.9863425925925926,0.8803240740740741
train,P113PH1L_45_jpg.rf.d4801c9d617b2056a51a93f897e4ed97.jpg,7,Philippines2,0.4875,0.58203125,0.95078125,0.80390625
train,photo_10_2025-08-18_23-33-37_jpg.rf.7720d81b91e6f359e5de50dee6811ce8.jpg,7,Philippines2,0.53125,0.425,0.88203125,0.46640625
train,photo_10_2025-08-18_23-33-37_jpg.rf.d07824327307bdc83dc79c691bcb5891.jpg,7,Philippines2,0.5253125,0.4249305555555556,0.9493750000000001,0.6195370370370371
train,photo_10_2025-08-18_23-33-37_jpg.rf.f64484abb99b048d2fac287951e1253a.jpg,7,Philippines2,0.5247916666666667,0.43646412037037036,0.9504166666666667,0.626400462962963
train,photo_10_2025-08-18_23-33-48_jpg.rf.5745e183c8865cddad6e622dd116c14e.jpg,6,Philippines1,0.5326562499999999,0.48515625,0.923611111111111,0.609375
train,photo_10_2025-08-18_23-33-48_jpg.rf.a28f8bbec39108930ce8fc657d272732.jpg,6,Philippines1,0.52421875,0.51890625,0.8629629629629629,0.575
train,photo_10_2025-08-18_23-33-48_jpg.rf.dbe99d44ada8b93801448df40370a6a7.jpg,6,Philippines1,0.50703125,0.4859375,0.81328125,0.46328125
train,photo_11_2025-08-18_23-33-37_jpg.rf.6ded216e2f9fc8ad44c13de1789cc9b9.jpg,7,Philippines2,0.51875,0.45546875,0.86328125,0.48046875
train,photo_11_2025-08-18_23-33-37_jpg.rf.9780092e6623ef2eb4d0b814b19c90ba.jpg,7,Philippines2,0.49405671296296294,0.45625,0.918611111111111,0.525
train,photo_11_2025-08-18_23-33-37_jpg.rf.9fbf3973da9c21cc6a9935e1afabb134.jpg,7,Philippines2,0.5389930555555555,0.49005208333333333,0.8838888888888888,0.53875
train,photo_11_2025-08-18_23-33-48_jpg.rf.3438c095e5e494a9969a3aba460856dc.jpg,6,Philippines1,0.5045833333333334,0.49822916666666667,0.8242824074074073,0.6206250000000001
train,photo_11_2025-08-18_23-33-48_jpg.rf.8dc678932f93dd32560629a6cf1869f5.jpg,6,Philippines1,0.496875,0.5203125,0.80625,0.5703125
train,photo_11_2025-08-18_23-33-48_jpg.rf.c34dc1ac6255d548713ec7385b21d2ab.jpg,6,Philippines1,0.5146354166666667,0.48703124999999997,0.889988425925926,0.7220833333333333
train,photo_12_2025-08-18_23-33-37_jpg.rf.039e3b33f8b37b06382c127775f4c100.jpg,7,Philippines2,0.5911863425925926,0.3930266203703704,0.8176273148148148,0.7529513888888888
train,photo_12_2025-08-18_23-33-37_jpg.rf.2479e860c43350f142efbc9fc2f2a48d.jpg,7,Philippines2,0.61953125,0.4609375,0.76015625,0.5453125
train,photo_12_2025-08-18_23-33-37_jpg.rf.cf86c8bdcff6430eca66926025fddde0.jpg,7,Philippines2,0.5966666666666667,0.5105613425925926,0.8066666666666666,0.7475115740740741
train,photo_12_2025-08-18_23-33-48_jpg.rf.309ddaf2f2f795841119b4915ebc1287.jpg,6,Philippines1,0.50546875,0.49296875,0.871875,0.58671875
train,photo_12_2025-08-18_23-33-48_jpg.rf.7da5141b40479e217e693510733a08ae.jpg,6,Philippines1,0.515625,0.48097222222222225,0.9528125,0.7098958333333334
train,photo_12_2025-08-18_23-33-48_jpg.rf.d94cccb389b742b69ca5ece380c78354.jpg,6,Philippines1,0.4997048611111111,0.5283333333333333,0.9861805555555556,0.8196874999999999
train,photo_13_2025-08-18_23-33-37_jpg.rf.cc5b18411ae8061a4d85a0394bb1c6e7.jpg,7,Philippines2,0.56875,0.46328125,0.790625,0.55
train,photo_13_2025-08-18_23-33-37_jpg.rf.ccf4da09ac64d3c9cd824db6bc0ea8ed.jpg,7,Philippines2,0.5761516203703704,0.43642361111111116,0.8476967592592592,0.6796875
train,photo_13_2025-08-18_23-33-37_jpg.rf.fc331b1a88bb5187695c7ada79a356d5.jpg,7,Philippines2,0.5565162037037037,0.469849537037037,0.8264583333333334,0.5825578703703703
train,photo_14_2025-08-18_23-33-37_jpg.rf.042d736eb7e54bd13a8cc4c55b60c678.jpg,7,Philippines2,0.5414293981481482,0.44722222222222224,0.858773148148148,0.6299652777777778
train,photo_14_2025-08-18_23-33-37_jpg.rf.22248853fafe848991d30604b8c1996b.jpg,7,Philippines2,0.48777777777777775,0.44376157407407407,0.8850925925925927,0.636261574074074
train,photo_14_2025-08-18_23-33-37_jpg.rf.70f07feea7419b889c894a47a0e357b9.jpg,7,Philippines2,0.52421875,0.41953125,0.790625,0.48671875
train,photo_14_2025-08-18_23-33-48_jpg.rf.9cb242d17090d994a7319fa22e6a0b79.jpg,6,Philippines1,0.5328125,0.4515625,0.934375,0.4796875
train,photo_14_2025-08-18_23-33-48_jpg.rf.e2a8702ce2d60500a235f6cdc90b4be9.jpg,6,Philippines1,0.5216145833333333,0.4231770833333333,0.9567708333333333,0.6984375
train,photo_14_2025-08-18_23-33-48_jpg.rf.ff4d0dabc3a7dc45dd4894db4e62accb.jpg,6,Philippines1,0.5127430555555555,0.44761574074074073,0.9556944444444444,0.4866087962962963
train,photo_15_2025-08-18_23-33-48_jpg.rf.3cc5192f3163999a5eccac080218e314.jpg,6,Philippines1,0.49476851851851855,0.5291782407407407,0.9895370370370371,0.7007870370370369
train,photo_15_2025-08-18_23-33-48_jpg.rf.b413183ff4f869a09a4d0b13aea1dda1.jpg,6,Philippines1,0.5328125,0.49453125,0.934375,0.534375
train,photo_15_2025-08-18_23-33-48_jpg.rf.c45492147837e2d64831698bed8c655b.jpg,6,Philippines1,0.5078356481481482,0.4702025462962963,0.9843287037037036,0.7871643518518517
train,photo_16_2025-08-18_23-33-37_jpg.rf.c6b1eee7ef71a1a6b7d77804aef5ecb3.jpg,7,Philippines2,0.4882581018518518,0.511545138888889,0.9297106481481482,0.6616435185185185
train,photo_16_2025-08-18_23-33-37_jpg.rf.cf4dd466f97eb9c0da2d1601b0fbcea4.jpg,7,Philippines2,0.49730902777777775,0.51953125,0.8763541666666667,0.4875
train,photo_16_2025-08-18_23-33-37_jpg.rf.dfa0ec2608449822c00aa5b78c43b590.jpg,7,Philippines2,0.475,0.5203125,0.8390625,0.4578125
train,photo_16_2025-08-18_23-33-48_jpg.rf.1111beb4a6d1803a28a8a131671ffeee.jpg,6,Philippines1,0.465625,0.50625,0.7515625,0.5265625
train,photo_16_2025-08-18_23-33-48_jpg.rf.8def516a450646926d32ec761757bfea.jpg,6,Philippines1,0.4797048611111111,0.4912326388888889,0.8357523148148148,0.6447222222222223
train,photo_16_2025-08-18_23-33-48_jpg.rf.951856ba65cc049544c61db848024be7.jpg,6,Philippines1,0.4685300925925926,0.5114293981481481,0.8613773148148148,0.7175578703703703
train,photo_17_2025-08-18_23-33-37_jpg.rf.62d11df23bb8fec334638432d147ee50.jpg,7,Philippines2,0.5328125,0.5618055555555556,0.9123958333333334,0.6271875000000001
train,photo_17_2025-08-18_23-33-37_jpg.rf.9a40f7756d7aefaf9ce918f427f842ae.jpg,7,Philippines2,0.503125,0.55078125,0.8109375,0.49921875
train,photo_17_2025-08-18_23-33-37_jpg.rf.cee07abc3f513478741645416f186ad9.jpg,7,Philippines2,0.5115624999999999,0.5713541666666667,0.9128587962962964,0.7215972222222222
train,photo_18_2025-08-18_23-33-37_jpg.rf.2bdc1a01895d54f84d8cccf9f20a31f6.jpg,7,Philippines2,0.434375,0.459375,0.74296875,0.4765625
train,photo_18_2025-08-18_23-33-37_jpg.rf.429730a51333a536ea7789c550ca6991.jpg,7,Philippines2,0.4724363425925926,0.44453125,0.8739930555555556,0.6421875
train,photo_18_2025-08-18_23-33-37_jpg.rf.59a8e4b316bd5de7ed15bc6499370af3.jpg,7,Philippines2,0.40798032407407414,0.4650405092592592,0.7805439814814814,0.5001967592592592
train,photo_19_2025-08-18_23-33-48_jpg.rf.2f72edd1d99c31321a54144c7bd71f25.jpg,6,Philippines1,0.469375,0.6806944444444445,0.93875,0.4363888888888889
train,photo_19_2025-08-18_23-33-48_jpg.rf.8bb1e897f5ba79527f95ce6548fd2ae3.jpg,6,Philippines1,0.5231770833333333,0.7024479166666666,0.9536458333333334,0.5276041666666667
train,photo_19_2025-08-18_23-33-48_jpg.rf.9ee872eaacb1cdb99f61b7ad1a9a1cac.jpg,6,Philippines1,0.50546875,0.66953125,0.928125,0.4
train,photo_1_2025-08-18_23-33-37_jpg.rf.0a4c6bb6b721e3812e8dc40720612dd5.jpg,7,Philippines2,0.484375,0.5,0.753125,0.55390625
train,photo_1_2025-08-18_23-33-37_jpg.rf.9b287748650d67882252f8a76eeddf9a.jpg,7,Philippines2,0.45848958333333334,0.5135706018518518,0.8019328703703705,0.6025578703703702
train,photo_1_2025-08-18_23-33-37_jpg.rf.c332076510c78fad8cd8f228e8b95897.jpg,7,Philippines2,0.4696527777777778,0.48969907407407404,0.8722569444444446,0.7110532407407408
train,photo_1_2025-08-18_23-33-48_jpg.rf.1153ba8781ccd6a78fa8ec8fa7c6e07d.jpg,6,Philippines1,0.51359375,0.5416319444444444,0.9235763888888888,0.5789351851851853
train,photo_1_2025-08-18_23-33-48_jpg.rf.974f4bd41816846499f2f53983be2ca2.jpg,6,Philippines1,0.4921875,0.53515625,0.865625,0.50625
train,photo_1_2025-08-18_23-33-48_jpg.rf.976e18052d9aa541ade08b41b9c94a4b.jpg,6,Philippines1,0.4620775462962963,0.5452604166666667,0.9241550925925927,0.5855902777777778
train,photo_21_2025-08-18_23-33-37_jpg.rf.bad7f4141e5aae198d926f1c428cb22f.jpg,7,Philippines2,0.42734375,0.46171875,0.6734375,0.496875
train,photo_21_2025-08-18_23-33-37_jpg.rf.bfe63bb820def4a658371399257e95e6.jpg,7,Philippines2,0.4484837962962963,0.4585416666666666,0.7427430555555556,0.5689930555555556
train,photo_21_2025-08-18_23-33-37_jpg.rf.ca9ce881d2c083a6fe39e3238721e848.jpg,7,Philippines2,0.395703125,0.47422453703703704,0.79140625,0.6322106481481482
train,photo_22_2025-08-18_23-33-37_jpg.rf.6fae9a604450037eae59424a7f1e7e93.jpg,7,Philippines2,0.4218171296296296,0.4700810185185185,0.756886574074074,0.6466435185185185
train,photo_22_2025-08-18_23-33-37_jpg.rf.984af8aa17fe00c38a2a75d9e2857c33.jpg,7,Philippines2,0.3927864583333333,0.4166377314814815,0.7855729166666666,0.7755208333333332
train,photo_22_2025-08-18_23-33-37_jpg.rf.b60a85ee9db5a66c3c7875922746ae08.jpg,7,Philippines2,0.3875,0.47421875,0.6640625,0.56484375
train,photo_23_2025-08-18_23-33-37_jpg.rf.13f0aef35b89f1b1d2dcab83993a9b87.jpg,7,Philippines2,0.5291666666666667,0.48735532407407406,0.9416666666666667,0.7998726851851853
train,photo_23_2025-08-18_23-33-37_jpg.rf.15fb71268ddb7e4a889f6ad7b451fb1e.jpg,7,Philippines2,0.496875,0.51328125,0.784375,0.58046875
train,photo_23_2025-08-18_23-33-37_jpg.rf.6542b3bea2a5c345b6d3b2592908bc5d.jpg,7,Philippines2,0.47328125,0.4765335648148149,0.8416319444444443,0.680613425925926
train,photo_24_2025-08-18_23-33-37_jpg.rf.24819a84d3bb0180f407d43fbcd48b25.jpg,7,Philippines2,0.47089699074074076,0.44890625,0.8496296296296297,0.6757291666666667
train,photo_24_2025-08-18_23-33-37_jpg.rf.98f7f65934fec06079d2b6e1b5d8827f.jpg,7,Philippines2,0.4859375,0.48046875,0.81171875,0.59296875
train,photo_24_2025-08-18_23-33-37_jpg.rf.c207da4a33c8c75d3425c141db014c7e.jpg,7,Philippines2,0.48949652777777775,0.4732696759259259,0.8263773148148148,0.6199884259259261
train,photo_25_2025-08-18_23-33-37_jpg.rf.2fc20efd449e101c1a2e965a29733431.jpg,7,Philippines2,0.5241666666666667,0.46703124999999995,0.8724652777777777,0.6272569444444445
train,photo_25_2025-08-18_23-33-37_jpg.rf.a6ad61bfaefdae140556f9e1af282f64.jpg,7,Philippines2,0.5253819444444445,0.4883680555555556,0.9492361111111111,0.7288194444444445
train,photo_25_2025-08-18_23-33-37_jpg.rf.f0f32634c234a7cdc00b376e7b43fb45.jpg,7,Philippines2,0.51328125,0.4890625,0.83984375,0.56015625
train,photo_26_2025-08-18_23-33-37_jpg.rf.19c0217dfe13f7b49a1a786093bfe24d.jpg,7,Philippines2,0.5045659722222222,0.5034375000000001,0.9908680555555556,0.8171875
train,photo_26_2025-08-18_23-33-37_jpg.rf.85111dc8cfb20e5440c160d92d449367.jpg,7,Philippines2,0.50390625,0.48203125,0.86953125,0.58046875
train,photo_26_2025-08-18_23-33-37_jpg.rf.df685f18afa6fecc86df288fc7850e02.jpg,7,Philippines2,0.50546875,0.5044965277777778,0.9078125,0.6794097222222222
train,photo_27_2025-08-18_23-33-37_jpg.rf.58aeeb2ee8ff96a883ce257b2ce85bba.jpg,7,Philippines2,0.5461892361111111,0.49331597222222223,0.9076215277777777,0.656585648148148
train,photo_27_2025-08-18_23-33-37_jpg.rf.6bb3d3273b751abcdb93027e06612825.jpg,7,Philippines2,0.5359375,0.47265625,0.85,0.53046875
train,photo_27_2025-08-18_23-33-37_jpg.rf.9b0ffbebeb001ecc524d29c2f6ac02c3.jpg,7,Philippines2,0.5410127314814814,0.466255787037037,0.8808217592592593,0.5879861111111111
train,photo_28_2025-08-18_23-33-37_jpg.rf.39ac262358d4a4a3068e8ae6cc004a80.jpg,7,Philippines2,0.5335040509259259,0.44072916666666667,0.9329918981481482,0.7176041666666666
train,photo_28_2025-08-18_23-33-37_jpg.rf.69cec758654f85fd719d435fb31a21cf.jpg,7,Philippines2,0.53203125,0.4703125,0.83515625,0.5140625
train,photo_28_2025-08-18_23-33-37_jpg.rf.7a9c624420089eb166c911a86b12a877.jpg,7,Philippines2,0.5007523148148147,0.5067592592592592,0.9447337962962964,0.6782407407407407
train,photo_29_2025-08-18_23-33-37_jpg.rf.1d6cdc4428fb6b5a01eec44184acc06d.jpg,8,Philippines3,0.5015625,0.4703125,0.8578125,0.5453125
train,photo_29_2025-08-18_23-33-37_jpg.rf.ca9df17c010a4622dffa9f1a2a9901dd.jpg,8,Philippines3,0.5046238425925925,0.4813715277777778,0.9267476851851851,0.6656944444444445
train,photo_29_2025-08-18_23-33-37_jpg.rf.ebe10b5438982f496b67a5d4923a591f.jpg,8,Philippines3,0.5114322916666667,0.5077256944444445,0.9771354166666667,0.795949074074074
train,photo_2_2025-08-18_23-33-37_jpg.rf.158841a35fcbe8a01e76ce9f06842672.jpg,7,Philippines2,0.534375,0.5109375,0.79765625,0.52890625
train,photo_2_2025-08-18_23-33-37_jpg.rf.1ea4ec93bf63e0495d2127b703a74b4d.jpg,7,Philippines2,0.5450173611111111,0.5456828703703704,0.8538888888888888,0.6466898148148148
train,photo_2_2025-08-18_23-33-37_jpg.rf.410ff0d6a1c52b971a0a361e7da66e87.jpg,7,Philippines2,0.5426909722222223,0.5323784722222222,0.8414467592592592,0.6198263888888891
train,photo_2_2025-08-18_23-33-48_jpg.rf.7f1cdca7f55960b5e8674572bdaea52f.jpg,6,Philippines1,0.459375,0.5375,0.81484375,0.4640625
train,photo_2_2025-08-18_23-33-48_jpg.rf.e936b19a48bae614443f36a104699235.jpg,6,Philippines1,0.4880671296296296,0.521238425925926,0.8482291666666667,0.5086226851851852
train,photo_2_2025-08-18_23-33-48_jpg.rf.fb48802d1e6b1ee89b7b60663107c4d0.jpg,6,Philippines1,0.44704861111111105,0.4998032407407408,0.8940972222222221,0.7003935185185185
train,photo_30_2025-08-18_23-33-37_jpg.rf.1745da6fa0e941a7bffdef2508daf041.jpg,8,Philippines3,0.5150347222222222,0.5135011574074074,0.9699305555555556,0.7478472222222223
train,photo_30_2025-08-18_23-33-37_jpg.rf.969ecc661e240686c1c6c6fa7deeef9a.jpg,8,Philippines3,0.4934606481481481,0.4730902777777778,0.9005324074074075,0.5649652777777778
train,photo_30_2025-08-18_23-33-37_jpg.rf.a7980b9cd0d4b2ed6a50a2890355b310.jpg,8,Philippines3,0.5078125,0.484375,0.884375,0.5453125
train,photo_31_2025-08-18_23-33-37_jpg.rf.358426504219eb977f409bb1cad9776b.jpg,8,Philippines3,0.4796875,0.50546875,0.8625,0.61171875
train,photo_31_2025-08-18_23-33-37_jpg.rf.6204f353acae43f570e7dc6df84d98b1.jpg,8,Philippines3,0.47272858796296297,0.48815393518518524,0.9454571759259259,0.7671180555555555
train,photo_31_2025-08-18_23-33-37_jpg.rf.6593c6bf2732d88ef720e1672b638929.jpg,8,Philippines3,0.47890625,0.5200810185185185,0.9390625,0.7613425925925927
train,photo_32_2025-08-18_23-33-37_jpg.rf.758f42df3765f0d02fde9f18c5271894.jpg,8,Philippines3,0.47421296296296295,0.5314062500000001,0.9420370370370369,0.8471875000000001
train,photo_32_2025-08-18_23-33-37_jpg.rf.9a4907ad99d9c8c59b8d580b6b39f23a.jpg,8,Philippines3,0.48155671296296293,0.4795081018518519,0.9503125000000001,0.8066087962962962
train,photo_32_2025-08-18_23-33-37_jpg.rf.a0b40eb03a417411643133273effffd0.jpg,8,Philippines3,0.434375,0.5140625,0.86875,0.63125
train,photo_33_2025-08-18_23-33-37_jpg.rf.0b33530003d3e1f1a36f0945653008b7.jpg,8,Philippines3,0.41484375,0.525,0.815625,0.7015625
train,photo_33_2025-08-18_23-33-37_jpg.rf.7b0e912acad35f93797a3c3e345b970b.jpg,8,Philippines3,0.418431712962963,0.4985590277777778,0.836863425925926,0.7872569444444444
train,photo_33_2025-08-18_23-33-37_jpg.rf.93e40e47f3a79f425b52dc5e5adefcf3.jpg,8,Philippines3,0.44921875,0.5396412037037037,0.8984375,0.8738425925925926
train,photo_34_2025-08-18_23-33-37_jpg.rf.9495584bb67ea9a256ec7c2c2e28bc0c.jpg,8,Philippines3,0.43203125,0.52734375,0.753125,0.73359375
train,photo_34_2025-08-18_23-33-37_jpg.rf.b057c3e2c318d07680188f78c591e665.jpg,8,Philippines3,0.44726851851851845,0.51375,0.8945370370370369,0.963125
train,photo_34_2025-08-18_23-33-37_jpg.rf.b4530d58142cf756ab7e61b719811caa.jpg,8,Philippines3,0.4614583333333334,0.5390625,0.9066666666666666,0.853125
train,photo_36_2025-08-18_23-33-37_jpg.rf.34c388cb667115bb80598ed555d2bbd9.jpg,8,Philippines3,0.5171875,0.5236631944444444,0.8859375,0.7259375
train,photo_36_2025-08-18_23-33-37_jpg.rf.5c5adaac730afa9759fc9720ddf02db5.jpg,8,Philippines3,0.5355729166666667,0.5139756944444445,0.9272569444444445,0.7585416666666667
train,photo_36_2025-08-18_23-33-37_jpg.rf.be0e7874286cbf147f7c6ee6fa30d95c.jpg,8,Philippines3,0.51484375,0.5359375,0.8421875,0.6484375
train,photo_37_2025-08-18_23-33-37_jpg.rf.861fa1f4536f9e4db8edfc36f20fef30.jpg,8,Philippines3,0.49921875,0.49375,0.93515625,0.61953125
train,photo_37_2025-08-18_23-33-37_jpg.rf.b22296cfdce8845c71b66947a68abc15.jpg,8,Philippines3,0.5059461805555555,0.47159722222222217,0.988107638888889,0.7422569444444445
train,photo_37_2025-08-18_23-33-37_jpg.rf.cbf99070e4be04b54b38805875755497.jpg,8,Philippines3,0.5043229166666666,0.4752314814814815,0.9913541666666668,0.765162037037037
train,photo_38_2025-08-18_23-33-37_jpg.rf.57bd72bacf3432ab7db87bebc5dd6e48.jpg,8,Philippines3,0.509375,0.4921875,0.9484375,0.56953125
train,photo_38_2025-08-18_23-33-37_jpg.rf.87de51191bf0dc21b8529718f8d7c5de.jpg,8,Philippines3,0.5170572916666667,0.47029513888888885,0.9658854166666666,0.6621527777777777
train,photo_38_2025-08-18_23-33-37_jpg.rf.b4b354380f04425d53e929ba13f53c07.jpg,8,Philippines3,0.5020833333333333,0.5046585648148147,0.9958333333333333,0.7843171296296296
train,photo_39_2025-08-18_23-33-37_jpg.rf.417d28b81346384217ee5ed9f89cf293.jpg,8,Philippines3,0.5211516203703704,0.5232291666666666,0.9576967592592591,0.7011111111111111
train,photo_39_2025-08-18_23-33-37_jpg.rf.42c68c41dd9da1e3a0a114ed67dccbd7.jpg,8,Philippines3,0.5158506944444443,0.540625,0.9587152777777778,0.6451388888888889
train,photo_39_2025-08-18_23-33-37_jpg.rf.b2302eb951e41bd44cf16a54da27795c.jpg,8,Philippines3,0.534375,0.51640625,0.93046875,0.55546875
train,photo_3_2025-08-18_23-33-48_jpg.rf.11169ce96f2fc41d984a9067cbb6c16f.jpg,6,Philippines1,0.451712962962963,0.5458391203703703,0.903425925925926,0.7551967592592593
train,photo_3_2025-08-18_23-33-48_jpg.rf.20e95d84e7665496b11c12d5d5370506.jpg,6,Philippines1,0.44296875,0.53671875,0.803125,0.571875
train,photo_3_2025-08-18_23-33-48_jpg.rf.9f2a044e00ad540e35653afc21223dd9.jpg,6,Philippines1,0.45806712962962964,0.5457638888888889,0.829861111111111,0.6039930555555557
train,photo_40_2025-08-18_23-33-37_jpg.rf.1295a5c93b2a517d5a3d306630c33cd7.jpg,8,Philippines3,0.52265625,0.534375,0.871875,0.55703125
train,photo_40_2025-08-18_23-33-37_jpg.rf.601bc2cc0215c0180478344ec7c758dd.jpg,8,Philippines3,0.5265277777777777,0.5643171296296297,0.9469444444444445,0.7351157407407406
train,photo_40_2025-08-18_23-33-37_jpg.rf.f8db12cbc0173b79d74164a6269c845a.jpg,8,Philippines3,0.5203645833333334,0.5580844907407407,0.9592708333333333,0.821099537037037
train,photo_41_2025-08-18_23-33-37_jpg.rf.1f2cefddf518a8c90b54fc7de295ea1e.jpg,8,Philippines3,0.5400520833333333,0.528125,0.9198958333333334,0.6453125
train,photo_41_2025-08-18_23-33-37_jpg.rf.2f28790c378c9f8ff4c57ab29eaf1899.jpg,8,Philippines3,0.51953125,0.5296875,0.871875,0.5859375
train,photo_41_2025-08-18_23-33-37_jpg.rf.b8dbdb09dd6f0ffc807b465806b07ed7.jpg,8,Philippines3,0.5069618055555556,0.5573668981481481,0.9058680555555556,0.6618865740740741
train,photo_43_2025-08-18_23-33-37_jpg.rf.3f8e15d9ef2d1e94265c03240b77e420.jpg,8,Philippines3,0.5435156250000001,0.5687037037037037,0.9129687499999999,0.6041666666666667
train,photo_43_2025-08-18_23-33-37_jpg.rf.b167667c14cc80efc31ef5ff305435d4.jpg,8,Philippines3,0.5265625,0.5375,0.9140625,0.55078125
train,photo_43_2025-08-18_23-33-37_jpg.rf.cdd79ff4a9ccb9506d70fcdb42d47cb0.jpg,8,Philippines3,0.5122222222222222,0.5758391203703704,0.9500810185185186,0.6519097222222221
train,photo_44_2025-08-18_23-33-37_jpg.rf.366c1926c4cec336ff90414e12df5399.jpg,8,Philippines3,0.5,0.5439525462962963,1,0.6308449074074074
train,photo_44_2025-08-18_23-33-37_jpg.rf.c2877cefd3d3445772424d58d697ea8c.jpg,8,Philippines3,0.5026215277777778,0.5365451388888889,0.9947569444444444,0.6456597222222221
train,photo_44_2025-08-18_23-33-37_jpg.rf.f131cb68dcb7335e445d867f23405154.jpg,8,Philippines3,0.49921875,0.5484375,0.96328125,0.51015625
train,photo_45_2025-08-18_23-33-37_jpg.rf.0c1557c734df853d46448bfef399d9a1.jpg,8,Philippines3,0.5224045138888889,0.5482291666666667,0.9551909722222222,0.5860416666666666
train,photo_45_2025-08-18_23-33-37_jpg.rf.88c388b1ab958304964300f5967a2cd3.jpg,8,Philippines3,0.5109375,0.58125,0.9390625,0.4734375
train,photo_45_2025-08-18_23-33-37_jpg.rf.b0baf6ce7d76ab39b172576ddb703352.jpg,8,Philippines3,0.4920833333333333,0.5989872685185185,0.9841666666666666,0.7229745370370371
train,photo_46_2025-08-18_23-33-37_jpg.rf.35a693e1bd47fcafbdcc164375f31854.jpg,8,Philippines3,0.5296875,0.553125,0.91328125,0.66015625
train,photo_46_2025-08-18_23-33-37_jpg.rf.58538333e2432ab9b29f805bc8298233.jpg,8,Philippines3,0.49688078703703703,0.5520891203703704,0.9937615740740741,0.8629513888888889
train,photo_46_2025-08-18_23-33-37_jpg.rf.6e86ce30e6a900bf0364992e6030d1c3.jpg,8,Philippines3,0.5170486111111111,0.5300810185185185,0.9659027777777778,0.8506712962962963
train,photo_47_2025-08-18_23-33-37_jpg.rf.4297a29d7e2f4d9df384b053b2e73a0f.jpg,8,Philippines3,0.495,0.5479398148148148,0.99,0.8995833333333334
train,photo_47_2025-08-18_23-33-37_jpg.rf.b428595cdccc606742935a87fad54987.jpg,8,Philippines3,0.521875,0.5711342592592592,0.95625,0.8570833333333333
train,photo_47_2025-08-18_23-33-37_jpg.rf.fa64759a78dc20a75896ba078ef147f9.jpg,8,Philippines3,0.56796875,0.58359375,0.85859375,0.709375
train,photo_48_2025-08-18_23-33-37_jpg.rf.1ff1f6c7ab402011a0f529aff7cd95ca.jpg,8,Philippines3,0.4875,0.53125,0.91953125,0.6546875
train,photo_48_2025-08-18_23-33-37_jpg.rf.235dbe6216d75f5ae63b4075db829f58.jpg,8,Philippines3,0.4969444444444444,0.5610127314814816,0.9635185185185184,0.7580439814814814
train,photo_48_2025-08-18_23-33-37_jpg.rf.f2746a8cceac79618eedf0a61d337341.jpg,8,Philippines3,0.5047916666666666,0.5430555555555555,0.9904166666666667,0.798611111111111
train,photo_49_2025-08-18_23-33-37_jpg.rf.2eefe9e79b06f5553924388c3eb86f42.jpg,8,Philippines3,0.4875,0.49140625,0.91328125,0.571875
train,photo_49_2025-08-18_23-33-37_jpg.rf.ac089638bdf6933d3f41781647ea4b80.jpg,8,Philippines3,0.5030787037037037,0.46802662037037035,0.9938425925925927,0.8014467592592593
train,photo_49_2025-08-18_23-33-37_jpg.rf.d3d53009e3dff8dd9874f7a00b3edbb1.jpg,8,Philippines3,0.5097077546296297,0.5282407407407408,0.9805844907407406,0.7210648148148147
train,photo_4_2025-08-18_23-33-37_jpg.rf.728eca40ba9f39de18453423dd264150.jpg,7,Philippines2,0.3390625,0.53828125,0.64375,0.59921875
train,photo_4_2025-08-18_23-33-37_jpg.rf.d0ff27760fa0254f44b3c385b0943394.jpg,7,Philippines2,0.366875,0.4973958333333333,0.7169444444444444,0.7083333333333334
train,photo_4_2025-08-18_23-33-37_jpg.rf.e87e156aa29fb932d6eaa624535596fd.jpg,7,Philippines2,0.3560127314814815,0.47980324074074077,0.712025462962963,0.7747685185185185
train,photo_50_2025-08-18_23-33-37_jpg.rf.769adbf8ded763adbb49ab35da4322d4.jpg,8,Philippines3,0.5078125,0.55625,0.93984375,0.5484375
train,photo_50_2025-08-18_23-33-37_jpg.rf.d0a919ac04b7d7a03d01007a338ebe97.jpg,8,Philippines3,0.5036921296296296,0.5712962962962963,0.9446875,0.5763078703703703
train,photo_50_2025-08-18_23-33-37_jpg.rf.df64731c329d3117d1c47c04b7ecf9df.jpg,8,Philippines3,0.49169270833333334,0.55546875,0.9833854166666667,0.6125
train,photo_51_2025-08-18_23-33-37_jpg.rf.3d7c90a1f6e3e689d47dac476db35457.jpg,8,Philippines3,0.48359375,0.5748668981481482,0.9671875,0.6440162037037037
train,photo_51_2025-08-18_23-33-37_jpg.rf.638714e7b3093c076a33cd8c861ecfca.jpg,8,Philippines3,0.5028993055555555,0.5690335648148148,0.9942013888888889,0.6744328703703705
train,photo_51_2025-08-18_23-33-37_jpg.rf.bc701eebe2435be695d0a08adf526183.jpg,8,Philippines3,0.484375,0.58359375,0.94765625,0.58046875
train,photo_52_2025-08-18_23-33-37_jpg.rf.367d972fad8ede3e6566bb233424c543.jpg,8,Philippines3,0.49800925925925926,0.5387152777777777,0.9960185185185185,0.8975694444444444
train,photo_52_2025-08-18_23-33-37_jpg.rf.5077a18149ab1cea6d24556d49e8223c.jpg,8,Philippines3,0.49609375,0.56171875,0.9296875,0.646875
train,photo_52_2025-08-18_23-33-37_jpg.rf.b53bb96a852cef660cbb41c0da62b776.jpg,8,Philippines3,0.48785590277777774,0.5765104166666667,0.9757118055555555,0.7238310185185185
train,photo_53_2025-08-18_23-33-37_jpg.rf.43ad06916f7f7f133d554251a2a21d21.jpg,8,Philippines3,0.475,0.546875,0.86640625,0.67578125
train,photo_53_2025-08-18_23-33-37_jpg.rf.450266e17b04f4e78422dba728f27029.jpg,8,Philippines3,0.49517939814814815,0.5740509259259259,0.9440509259259258,0.796238425925926
train,photo_53_2025-08-18_23-33-37_jpg.rf.f4e80818410443ded7ea9bb5379f7ec9.jpg,8,Philippines3,0.46130208333333333,0.5636284722222222,0.9047569444444445,0.7391782407407407
train,photo_54_2025-08-18_23-33-37_jpg.rf.2ff8c03e03407e68e2844468e4680d53.jpg,8,Philippines3,0.5109375,0.5618402777777778,0.978125,0.7416203703703704
train,photo_54_2025-08-18_23-33-37_jpg.rf.3de9d9cd4dd843a32cd1ad80b4ec9c85.jpg,8,Philippines3,0.5125,0.57109375,0.9140625,0.54296875
train,photo_54_2025-08-18_23-33-37_jpg.rf.5505c20e5be5695005aeb4bf81a51832.jpg,8,Philippines3,0.5087615740740741,0.5993981481481481,0.9752546296296296,0.7072222222222221
train,photo_55_2025-08-18_23-33-37_jpg.rf.3cc4bace1a7927711f8bd1f26ecd938f.jpg,8,Philippines3,0.4917650462962963,0.47890625,0.8746296296296295,0.5828125
train,photo_55_2025-08-18_23-33-37_jpg.rf.846e6f59e4fbe6f49696d67fe3806ea4.jpg,8,Philippines3,0.49375,0.4796875,0.828125,0.51328125
train,photo_55_2025-08-18_23-33-37_jpg.rf.b9c08c63f74721b57222638669a65d68.jpg,8,Philippines3,0.46371527777777777,0.4877604166666666,0.8962962962962964,0.5830902777777777
train,photo_56_2025-08-18_23-33-37_jpg.rf.1b0bef948b92872d229c89a904c76841.jpg,8,Philippines3,0.51796875,0.46875,0.86953125,0.5453125
train,photo_56_2025-08-18_23-33-37_jpg.rf.5f096fd037008a937864e28169ac75ce.jpg,8,Philippines3,0.5245833333333334,0.4610590277777778,0.9508333333333333,0.7228124999999999
train,photo_56_2025-08-18_23-33-37_jpg.rf.e8d354ff53ea708c6f1cc33815051854.jpg,8,Philippines3,0.5110243055555556,0.43805555555555553,0.8768287037037037,0.5967939814814814
train,photo_57_2025-08-18_23-33-37_jpg.rf.4ab190a63c7a803327ab012bfc3732e3.jpg,8,Philippines3,0.45859375,0.50625,0.8609375,0.66015625
train,photo_57_2025-08-18_23-33-37_jpg.rf.5a216d1bc540b227bcd270af1280ba77.jpg,8,Philippines3,0.5027604166666667,0.5227835648148148,0.9923958333333334,0.8486921296296297
train,photo_57_2025-08-18_23-33-37_jpg.rf.8f12fd3d3b045dab0494676c434a8e95.jpg,8,Philippines3,0.5028645833333333,0.51640625,0.9942708333333334,0.8609375
train,photo_59_2025-08-18_23-33-37_jpg.rf.301e890139fe57197f7ca2c98408ffd5.jpg,8,Philippines3,0.546875,0.48203125,0.90625,0.56171875
train,photo_59_2025-08-18_23-33-37_jpg.rf.9028a5f027756d64968c80fcfe088890.jpg,8,Philippines3,0.5231481481481481,0.5161284722222222,0.9537037037037036,0.8066319444444444
train,photo_59_2025-08-18_23-33-37_jpg.rf.fbb947781b3458c930138bb1df0c47d1.jpg,8,Philippines3,0.5458333333333333,0.4915914351851852,0.9083333333333334,0.6214467592592593
train,photo_5_2025-08-18_23-33-48_jpg.rf.426634d4b170e9684040d459a170668f.jpg,6,Philippines1,0.46484375,0.5078125,0.7703125,0.5578125
train,photo_5_2025-08-18_23-33-48_jpg.rf.a496fac4bc36af50ddb7d52b95bbc2c0.jpg,6,Philippines1,0.49002893518518514,0.5214062500000001,0.8985532407407408,0.7336458333333333
train,photo_5_2025-08-18_23-33-48_jpg.rf.bffddd511d79593979ca11e41a5db1b5.jpg,6,Philippines1,0.43608217592592596,0.5324479166666667,0.8711458333333333,0.6838888888888889
train,photo_60_2025-08-18_23-33-37_jpg.rf.70247acf69f1f461e66726cb40c116af.jpg,8,Philippines3,0.5172106481481482,0.48973958333333334,0.9655787037037037,0.6759606481481482
train,photo_60_2025-08-18_23-33-37_jpg.rf.7128b8a77691dd14a339928164156abb.jpg,8,Philippines3,0.51875,0.48828125,0.91875,0.56171875
train,photo_60_2025-08-18_23-33-37_jpg.rf.dd51cae90cc16889ef2647118bc31b32.jpg,8,Philippines3,0.5350549768518518,0.4767534722222222,0.9298900462962963,0.5829166666666667
train,photo_61_2025-08-18_23-33-37_jpg.rf.2eb481656937a90ae26e4a38de4dbea9.jpg,8,Philippines3,0.5121354166666666,0.5124710648148147,0.943611111111111,0.70375
train,photo_61_2025-08-18_23-33-37_jpg.rf.6864f78ed615b811e6d72cefbbac7c6a.jpg,8,Philippines3,0.52109375,0.4816203703703703,0.8828125,0.6788773148148148
train,photo_61_2025-08-18_23-33-37_jpg.rf.cb7535497e4c4a6b62ac0c43cf5f55bb.jpg,8,Philippines3,0.521875,0.51171875,0.8625,0.596875
train,photo_63_2025-08-18_23-33-37_jpg.rf.3f1ca4142c31724a5780fa7235c9dbd4.jpg,8,Philippines3,0.5222974537037037,0.48248263888888887,0.9450347222222222,0.8788541666666667
train,photo_63_2025-08-18_23-33-37_jpg.rf.6b25ae65b49f75947d3346043b658dc8.jpg,8,Philippines3,0.575,0.52421875,0.81640625,0.671875
train,photo_63_2025-08-18_23-33-37_jpg.rf.b8425769cfbe021924055fab9c956c8a.jpg,8,Philippines3,0.5148842592592593,0.56328125,0.9559722222222222,0.8734375
train,photo_64_2025-08-18_23-33-37_jpg.rf.c1ea6219a778897feabd8531d23fd9d3.jpg,8,Philippines3,0.512013888888889,0.48368055555555556,0.9734027777777777,0.6353009259259259
train,photo_64_2025-08-18_23-33-37_jpg.rf.ce5c5ce80ad38a2c40de6c27389a2ad4.jpg,8,Philippines3,0.5034375,0.49470486111111106,0.993125,0.7831597222222222
train,photo_64_2025-08-18_23-33-37_jpg.rf.d67cc3a60f218925e40ee8351fbd98a6.jpg,8,Philippines3,0.52734375,0.48984375,0.9453125,0.5484375
train,photo_65_2025-08-18_23-33-37_jpg.rf.1477996b4375b52f8a26c140df15e12a.jpg,8,Philippines3,0.5015625,0.4613425925925926,0.996875,0.6710648148148148
train,photo_65_2025-08-18_23-33-37_jpg.rf.8c30925474087f5e3e9a8c0a71928b92.jpg,8,Philippines3,0.51171875,0.4703125,0.9765625,0.509375
train,photo_65_2025-08-18_23-33-37_jpg.rf.da2ecde38c7446ca39f14e86aecc7bd9.jpg,8,Philippines3,0.49594907407407407,0.4872685185185185,0.9918981481481481,0.662037037037037
train,photo_66_2025-08-18_23-33-37_jpg.rf.145b02334fdee0e26efcee325ab7e207.jpg,8,Philippines3,0.51875,0.44921875,0.96171875,0.52734375
train,photo_66_2025-08-18_23-33-37_jpg.rf.44a01d69cc334d78df8dc862aaed329e.jpg,8,Philippines3,0.49819444444444444,0.4683159722222222,0.9963888888888889,0.7741319444444444
train,photo_66_2025-08-18_23-33-37_jpg.rf.5888e5c67e207d10c598024e306fada1.jpg,8,Philippines3,0.5004108796296296,0.4135416666666667,0.9991782407407408,0.7385416666666667
train,photo_67_2025-08-18_23-33-37_jpg.rf.766d3191d70c2a976d8167361bda159f.jpg,8,Philippines3,0.5,0.46171875,1,0.52421875
train,photo_67_2025-08-18_23-33-37_jpg.rf.92a52f34c60eddde8881f8a7088645d2.jpg,8,Philippines3,0.4995949074074074,0.4580150462962963,0.9991898148148148,0.7120949074074074
train,photo_67_2025-08-18_23-33-37_jpg.rf.acfbf7e10ba7c7e3934ecb24d9b839ff.jpg,8,Philippines3,0.5010416666666667,0.43949652777777776,0.9979166666666666,0.6866319444444444
train,photo_68_2025-08-18_23-33-37_jpg.rf.89e03616fbcc0f81d991bc9f1b70de22.jpg,8,Philippines3,0.50625,0.47890625,0.865625,0.565625
train,photo_68_2025-08-18_23-33-37_jpg.rf.9a87871135e37b4ab68db43e5cf6c52a.jpg,8,Philippines3,0.47970196759259254,0.45199652777777777,0.9594039351851851,0.7153125000000001
train,photo_68_2025-08-18_23-33-37_jpg.rf.e8ce7e2bcc444dd2f26c387823eb37a8.jpg,8,Philippines3,0.48453125,0.46696180555555555,0.9690625,0.728923611111111
train,photo_69_2025-08-18_23-33-37_jpg.rf.17a79c05b067c1b1fc61f1e77a7eb65c.jpg,8,Philippines3,0.5030671296296296,0.5204861111111111,0.9938657407407406,0.7097222222222221
train,photo_69_2025-08-18_23-33-37_jpg.rf.32e619846d5a2b53f468b1b814354220.jpg,8,Philippines3,0.4887615740740741,0.5299479166666667,0.9775231481481482,0.5973958333333333
train,photo_69_2025-08-18_23-33-37_jpg.rf.962029198f3acfdf4b26649fe23fc131.jpg,8,Philippines3,0.4890625,0.51171875,0.971875,0.52734375
train,photo_6_2025-08-18_23-33-37_jpg.rf.386739b3e35bf1f683e968f0ee61bc84.jpg,7,Philippines2,0.46934895833333334,0.5879918981481482,0.9386979166666667,0.7203240740740741
train,photo_6_2025-08-18_23-33-37_jpg.rf.3f7578823c2ae14c4052853a9e23ea54.jpg,7,Philippines2,0.49820601851851853,0.5526736111111111,0.969212962962963,0.7084722222222222
train,photo_6_2025-08-18_23-33-37_jpg.rf.67ee5a64619281856135d0d0182ccfe4.jpg,7,Philippines2,0.47109375,0.5609375,0.8859375,0.59765625
train,photo_6_2025-08-18_23-33-48_jpg.rf.2ef8552d4272ba721e6c4c6e77b74339.jpg,6,Philippines1,0.42265625,0.50625,0.7546875,0.59453125
train,photo_6_2025-08-18_23-33-48_jpg.rf.833e7dcb8ca0892c9e34c8f4bab5dec9.jpg,6,Philippines1,0.46241319444444445,0.5313368055555555,0.8724537037037038,0.7132523148148149
train,photo_6_2025-08-18_23-33-48_jpg.rf.b54c24dacbdad68c1107d4b00d8ceda1.jpg,6,Philippines1,0.4051475694444444,0.503912037037037,0.8102951388888888,0.6511921296296295
train,photo_70_2025-08-18_23-33-37_jpg.rf.19273f104b694816f12fe819f3c4d405.jpg,8,Philippines3,0.5012615740740741,0.5070601851851853,0.9974768518518518,0.7327546296296296
train,photo_70_2025-08-18_23-33-37_jpg.rf.af4bcd293c3ae736ac473483215e19f2.jpg,8,Philippines3,0.49453125,0.521875,0.9890625,0.5078125
train,photo_70_2025-08-18_23-33-37_jpg.rf.d1759c184bee7db4339230ff50c51d8f.jpg,8,Philippines3,0.49458912037037034,0.5506770833333333,0.9891782407407407,0.6013541666666666
train,photo_71_2025-08-18_23-33-37_jpg.rf.2c48807eef62befbab25144c712fc4d0.jpg,8,Philippines3,0.4991550925925926,0.522511574074074,0.9983101851851852,0.6924768518518519
train,photo_71_2025-08-18_23-33-37_jpg.rf.5e7565c3a1dd523353c9ef36b63266d1.jpg,8,Philippines3,0.50546875,0.5431712962962962,0.9890625,0.7730324074074074
train,photo_71_2025-08-18_23-33-37_jpg.rf.6be991beb9e62a66442c92cbc9c21673.jpg,8,Philippines3,0.4953125,0.54921875,0.9765625,0.58984375
train,photo_72_2025-08-18_23-33-37_jpg.rf.bf7b2743c0df503e741f7c95f410d731.jpg,8,Philippines3,0.5015625,0.5703125,0.975,0.58515625
train,photo_72_2025-08-18_23-33-37_jpg.rf.c4531a89a50615f9725fcf7ada736b82.jpg,8,Philippines3,0.4975462962962963,0.5708912037037037,0.9950925925925926,0.8105324074074074
train,photo_72_2025-08-18_23-33-37_jpg.rf.e2269b355cbfed59d4d5e768de29bd0c.jpg,8,Philippines3,0.5032118055555556,0.5790798611111111,0.9935763888888889,0.8112847222222221
train,photo_73_2025-08-18_23-33-37_jpg.rf.1a65e0281d7f30ac9e4c3d549916e0ba.jpg,8,Philippines3,0.475,0.56875,0.89453125,0.64453125
train,photo_73_2025-08-18_23-33-37_jpg.rf.d6c9b7463c4ecf751b7d3c002c316f48.jpg,8,Philippines3,0.48125,0.5339814814814815,0.9625,0.860162037037037
train,photo_73_2025-08-18_23-33-37_jpg.rf.e3ba5f0e5a431252c256fee1b968fc94.jpg,8,Philippines3,0.45710358796296297,0.5328993055555555,0.9142071759259259,0.7265046296296298
train,photo_76_2025-08-18_23-33-37_jpg.rf.6ed376eee86ba86481979dfb1d293dc3.jpg,6,Philippines1,0.5083217592592593,0.4776909722222221,0.9833564814814816,0.709375
train,photo_76_2025-08-18_23-33-37_jpg.rf.8a3487902922c3c94112ba1fd17835d1.jpg,6,Philippines1,0.4953125,0.4373611111111111,0.9640625,0.7022222222222222
train,photo_76_2025-08-18_23-33-37_jpg.rf.f8cdcd5d353d9e1efb1a9b8003299714.jpg,6,Philippines1,0.50078125,0.459375,0.89765625,0.5390625
train,photo_78_2025-08-18_23-33-37_jpg.rf.41a911aba499e0d2c056675737aaabf9.jpg,6,Philippines1,0.4859953703703703,0.4987962962962963,0.9719907407407407,0.8319675925925927
train,photo_78_2025-08-18_23-33-37_jpg.rf.9c9ec4a29ad12777be7f7cb8362a6f22.jpg,6,Philippines1,0.5026388888888889,0.4798784722222222,0.9947222222222223,0.7816319444444444
train,photo_78_2025-08-18_23-33-37_jpg.rf.9e2656f261209400309f4f7c8c6a5252.jpg,6,Philippines1,0.484375,0.46953125,0.8859375,0.58359375
train,photo_79_2025-08-18_23-33-37_jpg.rf.83ecc400bf4ad7cee8431502f698041c.jpg,6,Philippines1,0.5131018518518519,0.43525462962962963,0.9737962962962963,0.826527777777778
train,photo_79_2025-08-18_23-33-37_jpg.rf.8a1f9af264651ca2b51887784fdebb5a.jpg,6,Philippines1,0.5204513888888889,0.45126736111111115,0.9590972222222222,0.7224305555555557
train,photo_79_2025-08-18_23-33-37_jpg.rf.b7dccd9f5f3d6416627da88856bb59b1.jpg,6,Philippines1,0.509375,0.46328125,0.88046875,0.6125
train,photo_7_2025-08-18_23-33-37_jpg.rf.54356a1aa8d5b77dd4dc277ebbcbb0d9.jpg,7,Philippines2,0.5051851851851852,0.516087962962963,0.9896296296296295,0.830324074074074
train,photo_7_2025-08-18_23-33-37_jpg.rf.7450f29b1345d464357aada25b7a4eb5.jpg,7,Philippines2,0.5109375,0.55234375,0.96640625,0.62734375
train,photo_7_2025-08-18_23-33-37_jpg.rf.eab424a44e1b4d90eb6a69906fcca9e1.jpg,7,Philippines2,0.49872685185185184,0.5833333333333333,0.9974537037037037,0.8229166666666666
train,photo_7_2025-08-18_23-33-48_jpg.rf.2d395340ba848e58c778e19c7016292f.jpg,6,Philippines1,0.48671875,0.49765625,0.8484375,0.571875
train,photo_7_2025-08-18_23-33-48_jpg.rf.489b066990b215b2d5fc66b1eadcb247.jpg,6,Philippines1,0.49779513888888893,0.46598958333333335,0.8805555555555555,0.659375
train,photo_7_2025-08-18_23-33-48_jpg.rf.c8997dc938b16476b659426a337797cc.jpg,6,Philippines1,0.4719733796296296,0.46642361111111114,0.9439467592592592,0.7518749999999998
train,photo_81_2025-08-18_23-33-37_jpg.rf.58031e370b1ccf4eea1dad6d1996ba0a.jpg,6,Philippines1,0.50859375,0.4875,0.93359375,0.5359375
train,photo_81_2025-08-18_23-33-37_jpg.rf.993d4ad0be5f7c363bf88b934ca4c45d.jpg,6,Philippines1,0.5026041666666667,0.5157696759259259,0.9947916666666666,0.7971643518518519
train,photo_81_2025-08-18_23-33-37_jpg.rf.ff31ebb8bcdb11482435ce43dfd53b01.jpg,6,Philippines1,0.5015625,0.4711226851851852,0.996875,0.7202546296296296
train,photo_82_2025-08-18_23-33-37_jpg.rf.12f13035442d7b60e4254a720c5a743c.jpg,6,Philippines1,0.5069733796296296,0.47894097222222226,0.9717013888888889,0.6000115740740741
train,photo_82_2025-08-18_23-33-37_jpg.rf.87a69a726773d030495f29a1a1bec23d.jpg,6,Philippines1,0.534375,0.4616608796296296,0.93125,0.5755208333333333
train,photo_82_2025-08-18_23-33-37_jpg.rf.8f93e40567fe8a133528d9a9eb27dcdb.jpg,6,Philippines1,0.5359375,0.48359375,0.928125,0.4921875
train,photo_83_2025-08-18_23-33-37_jpg.rf.5f2007d512b6009db23a20c6f2a3f61e.jpg,6,Philippines1,0.54921875,0.5219039351851852,0.9015625,0.6302662037037037
train,photo_83_2025-08-18_23-33-37_jpg.rf.88fa8ed10a6b2f77938f1015de0be2f5.jpg,6,Philippines1,0.5640625,0.49296875,0.871875,0.4796875
train,photo_83_2025-08-18_23-33-37_jpg.rf.e4d873acdf89383abab8f3b29003b8ff.jpg,6,Philippines1,0.5234085648148148,0.50703125,0.9402199074074075,0.6640625
train,photo_84_2025-08-18_23-33-37_jpg.rf.1a2c7f1bfa8c4dc520a940e052539481.jpg,6,Philippines1,0.4783969907407407,0.4999479166666666,0.8235648148148147,0.5480208333333334
train,photo_84_2025-08-18_23-33-37_jpg.rf.8ffaeafeb5a6a47c13e4cab6df2014ff.jpg,6,Philippines1,0.47627893518518516,0.49256365740740743,0.8053356481481482,0.5153125
train,photo_84_2025-08-18_23-33-37_jpg.rf.b781720219b97305078c173ecd699841.jpg,6,Philippines1,0.471875,0.490625,0.778125,0.46953125
train,photo_85_2025-08-18_23-33-37_jpg.rf.240aa591da88b58f5a19a5a5ac5742e9.jpg,6,Philippines1,0.515162037037037,0.50546875,0.969675925925926,0.7140625
train,photo_85_2025-08-18_23-33-37_jpg.rf.44d77229903adf33bb6c7fade063251e.jpg,6,Philippines1,0.504375,0.46805555555555556,0.9843055555555557,0.7717592592592591
train,photo_85_2025-08-18_23-33-37_jpg.rf.c2c9f426f07aab4bee1345c4cd866af6.jpg,6,Philippines1,0.515625,0.509375,0.88515625,0.54140625
train,photo_87_2025-08-18_23-33-37_jpg.rf.4cfb0dcef835efb332256c72f55a4fc5.jpg,6,Philippines1,0.540625,0.46328125,0.775,0.471875
train,photo_87_2025-08-18_23-33-37_jpg.rf.852c47c99b5d4a191be7184e57cebb47.jpg,6,Philippines1,0.5635127314814815,0.4945833333333334,0.8608217592592592,0.6247916666666666
train,photo_87_2025-08-18_23-33-37_jpg.rf.ba2ae5d370dc95e3348fb3878eec9311.jpg,6,Philippines1,0.5667100694444445,0.4840277777777778,0.8665798611111111,0.6298611111111111
train,photo_88_2025-08-18_23-33-37_jpg.rf.186b9a45e8b76e0c32beecd976611c27.jpg,6,Philippines1,0.5563599537037037,0.4613252314814814,0.8872800925925926,0.6210300925925927
train,photo_88_2025-08-18_23-33-37_jpg.rf.5fbae928a77fe28ac17f94d8ba8db9ab.jpg,6,Philippines1,0.5640625,0.52578125,0.871875,0.6130208333333332
train,photo_88_2025-08-18_23-33-37_jpg.rf.a75dc989068563e5f5f308187044f280.jpg,6,Philippines1,0.56328125,0.48125,0.828125,0.4578125
train,photo_8_2025-08-18_23-33-37_jpg.rf.4ab0631b52cf68faec8b2879b546445b.jpg,7,Philippines2,0.5,0.5453125,1,0.61328125
train,photo_8_2025-08-18_23-33-37_jpg.rf.87659ba2520ef282834d895195485c7a.jpg,7,Philippines2,0.5030092592592592,0.5474537037037037,0.9939814814814815,0.7699074074074075
train,photo_8_2025-08-18_23-33-37_jpg.rf.a8c4430ee27f33a627f23e4f07291f33.jpg,7,Philippines2,0.503125,0.5074942129629629,0.99375,0.881886574074074
train,photo_8_2025-08-18_23-33-48_jpg.rf.4c98cc3c9453967e6904614a3b4da90b.jpg,6,Philippines1,0.4875,0.47734375,0.8703125,0.50859375
train,photo_8_2025-08-18_23-33-48_jpg.rf.5747a688c3eb5a9b05ac51c948c3d992.jpg,6,Philippines1,0.4706684027777778,0.49029513888888887,0.9413368055555555,0.6240972222222222
train,photo_8_2025-08-18_23-33-48_jpg.rf.867b4ad060d211a4eaafdbee57e0c937.jpg,6,Philippines1,0.45529513888888895,0.4953703703703704,0.9105902777777779,0.5560185185185185
train,photo_91_2025-08-18_23-33-37_jpg.rf.2468d441df69a3071eb5ec39fd3de2f4.jpg,6,Philippines1,0.4874131944444445,0.5093402777777778,0.8373958333333335,0.5119907407407407
train,photo_91_2025-08-18_23-33-37_jpg.rf.3a57f52cafa051fd18bf2c5e4688ec90.jpg,6,Philippines1,0.4486400462962963,0.5022916666666667,0.8518402777777778,0.5242361111111112
train,photo_91_2025-08-18_23-33-37_jpg.rf.a1d2ebee67f68d7dd9d4cdde85b395e8.jpg,6,Philippines1,0.47578125,0.5234375,0.8265625,0.48828125
train,photo_92_2025-08-18_23-33-37_jpg.rf.15b18716a64da5b03a282e5abcd7d504.jpg,6,Philippines1,0.45078125,0.5109375,0.82578125,0.41640625
train,photo_92_2025-08-18_23-33-37_jpg.rf.1c6bedfa0060ead629aedb8dd03d1172.jpg,6,Philippines1,0.4714756944444445,0.524074074074074,0.919513888888889,0.6260300925925926
train,photo_92_2025-08-18_23-33-37_jpg.rf.2b0ed27f1c286fc453cf61eb9c16c5c3.jpg,6,Philippines1,0.4575347222222222,0.5352604166666667,0.8536805555555557,0.5095601851851852
train,photo_93_2025-08-18_23-33-37_jpg.rf.20a6fb56e05f3f1d16a10bc7f33b68af.jpg,6,Philippines1,0.4818547453703704,0.507349537037037,0.9637094907407407,0.6594791666666666
train,photo_93_2025-08-18_23-33-37_jpg.rf.d31b5efdd06273e6922d43589232ea9b.jpg,6,Philippines1,0.5108854166666668,0.4698206018518519,0.9244675925925925,0.5632638888888888
train,photo_93_2025-08-18_23-33-37_jpg.rf.d9ecfbb01273c67fa4f08fbccc96afd3.jpg,6,Philippines1,0.49609375,0.49921875,0.87421875,0.434375
train,photo_9_2025-08-18_23-33-37_jpg.rf.096be7c292de78fd1d2485ba8de04bff.jpg,7,Philippines2,0.49453125,0.5602893518518519,0.9890625,0.7135185185185187
train,photo_9_2025-08-18_23-33-37_jpg.rf.e87e7609cae38f537bf52f7f9b3184df.jpg,7,Philippines2,0.4963888888888889,0.58125,0.9927777777777778,0.8375
train,photo_9_2025-08-18_23-33-37_jpg.rf.fdcd33954def1f21b73f74f08203dfc4.jpg,7,Philippines2,0.5140625,0.565625,0.94453125,0.6109375
train,photo_9_2025-08-18_23-33-48_jpg.rf.0cd29e65fea34a10a6aa4cda1819174b.jpg,6,Philippines1,0.4732291666666667,0.4787268518518518,0.8610416666666666,0.588460648148148
train,photo_9_2025-08-18_23-33-48_jpg.rf.1b38b22447a3bace013cffcd1a98459b.jpg,6,Philippines1,0.43528935185185186,0.462349537037037,0.8317939814814814,0.5701620370370369
train,photo_9_2025-08-18_23-33-48_jpg.rf.7e85bd5a080a6b6e399eded10bbf886a.jpg,6,Philippines1,0.440625,0.46875,0.796875,0.52265625
valid,52_png.rf.a012d51bdf27231702391620445e34b0.jpg,8,Philippines3,0.5265625,0.52109375,0.7640625,0.8265625
valid,92_png.rf.4a5a259af2842d2f3b4df4011e695897.jpg,8,Philippines3,0.51640625,0.51328125,0.7515625,0.81875
valid,photo_13_2025-08-18_23-33-48_jpg.rf.fc128d532dfcc95629c0be268d826597.jpg,6,Philippines1,0.46484375,0.48828125,0.859375,0.57734375
valid,photo_15_2025-08-18_23-33-37_jpg.rf.ee62c65f12b4769c9e6a0eb16f85839d.jpg,7,Philippines2,0.540625,0.50625,0.85234375,0.44140625
valid,photo_17_2025-08-18_23-33-48_jpg.rf.e1c22c7513d19c50ce469f8d97e58100.jpg,6,Philippines1,0.540625,0.5765625,0.8734375,0.4765625
valid,photo_18_2025-08-18_23-33-48_jpg.rf.feab978badf85d69dcdcd5378db918a8.jpg,6,Philippines1,0.509375,0.63828125,0.92109375,0.4125
valid,photo_35_2025-08-18_23-33-37_jpg.rf.c6e0814d995b9692aac7b53ad79031ad.jpg,8,Philippines3,0.4625,0.53828125,0.84765625,0.70859375
valid,photo_3_2025-08-18_23-33-37_jpg.rf.5d8d8f136cffb5a01b91e11ccdb7e61d.jpg,7,Philippines2,0.5,0.53515625,0.80546875,0.56875
valid,photo_58_2025-08-18_23-33-37_jpg.rf.b2e315caa9ab5327b76493e52c29ea88.jpg,8,Philippines3,0.50390625,0.49609375,0.7859375,0.678125
valid,photo_74_2025-08-18_23-33-37_jpg.rf.e43e2c6409a11a1bf2323b9b98d5e384.jpg,6,Philippines1,0.528125,0.496875,0.8828125,0.48515625
valid,photo_75_2025-08-18_23-33-37_jpg.rf.fad004f4e6c8af25f26554220e5abd3d.jpg,6,Philippines1,0.52890625,0.43359375,0.89140625,0.490625
valid,photo_86_2025-08-18_23-33-37_jpg.rf.0acaa7b8c53da433c538cf082276726c.jpg,6,Philippines1,0.52734375,0.50625,0.8953125,0.55078125
valid,photo_89_2025-08-18_23-33-37_jpg.rf.af085c4ff8e04889154e5a12b5299166.jpg,6,Philippines1,0.49140625,0.528125,0.85078125,0.4109375
test,101_png.rf.bce1b77db1288b60fa7a9e02d3bb36d6.jpg,6,Philippines1,0.50078125,0.496875,0.75703125,0.76640625
test,11_png.rf.2676829c7e9c5bd3efe2080472fb6461.jpg,6,Philippines1,0.49609375,0.5,0.76953125,0.76875
test,1_png.rf.63d757914d068c0c99e20854620732c7.jpg,7,Philippines2,0.5078125,0.49609375,0.75703125,0.82890625
test,3_png.rf.b443d74328a765b8f0cd6419cb252a5c.jpg,7,Philippines2,0.4953125,0.49609375,0.76171875,0.8140625
test,42_png.rf.5b034148e54e0763c47e2558d9ff6f44.jpg,8,Philippines3,0.5140625,0.503125,0.7390625,0.82109375
test,4_png.rf.62ae5ecb251f2649873980a4baa8b6cc.jpg,7,Philippines2,0.50390625,0.49609375,0.73671875,0.809375
test,62_png.rf.f031ea1dfa6c7ec339e4f474ab70522a.jpg,8,Philippines3,0.51875,0.51484375,0.778125,0.8296875
test,8_png.rf.f53281ee87f9eb84bd6da867c4a8b85f.jpg,7,Philippines2,0.49609375,0.4953125,0.73984375,0.81640625
test,P113PH1L_90_jpg.rf.4bcfb2fd984f89d60c6b540c357cbcc9.jpg,7,Philippines2,0.49375,0.54296875,0.90703125,0.9140625
test,photo_19_2025-08-18_23-33-37_jpg.rf.7387de4d1dd474b9fcc892ae00c57165.jpg,7,Philippines2,0.5515625,0.4484375,0.853125,0.5046875
test,photo_20_2025-08-18_23-33-37_jpg.rf.04383c4272563a1032027d74a43203f5.jpg,7,Philippines2,0.5375,0.4515625,0.7140625,0.43828125
test,photo_42_2025-08-18_23-33-37_jpg.rf.3e2ec3f12f79773fffdcda9b6b7820c0.jpg,8,Philippines3,0.4875,0.53359375,0.8359375,0.60234375
test,photo_4_2025-08-18_23-33-48_jpg.rf.7edab9171e798f5358dbb04346c26934.jpg,6,Philippines1,0.46953125,0.521875,0.821875,0.5734375
test,photo_5_2025-08-18_23-33-37_jpg.rf.4136a452f37eb98f0d76b2981d8ec493.jpg,7,Philippines2,0.48984375,0.565625,0.77109375,0.5203125
test,photo_62_2025-08-18_23-33-37_jpg.rf.e1579d8bc68e32247ec6e21e2861209c.jpg,8,Philippines3,0.52890625,0.5265625,0.8359375,0.60703125
test,photo_77_2025-08-18_23-33-37_jpg.rf.5609b621a5ae471cc39c3aaa4688de9d.jpg,6,Philippines1,0.509375,0.46796875,0.9421875,0.590625
test,photo_80_2025-08-18_23-33-37_jpg.rf.7bd3497fdb1d5dc10e9f24cb7a2c8f20.jpg,6,Philippines1,0.5078125,0.49765625,0.85625,0.63125
test,photo_90_2025-08-18_23-33-37_jpg.rf.6a6eb0710f63e7342bca3e67fa4003e3.jpg,6,Philippines1,0.46875,0.5328125,0.86171875,0.42890625
